"","N_p","N_t","sigma_b","sigma_w","mu","seeds","QUID","OANOVA"
"1",100,100,0,1,0,1,4.74240157664069e-15,0.213494204307436
"2",100,100,0,1,0,2,7.68621093637558e-14,0.119127759309919
"3",100,100,0,1,0,3,2.11801074814177e-12,0.0381318152662435
"4",100,100,0,1,0,4,5.83243228205053e-19,0.550355394340495
"5",100,100,0,1,0,5,5.05473085994094e-20,0.155540226476353
"6",100,100,0,1,0,6,2.6423668195025e-18,0.681948808732635
"7",100,100,0,1,0,7,3.36496002978549e-18,0.349461335331286
"8",100,100,0,1,0,8,2.34597094646567e-14,0.15476899862346
"9",100,100,0,1,0,9,3.83933308941559e-18,0.568052149992576
"10",100,100,0,1,0,10,0.000726295971936713,0.987894928578192
"11",100,100,0,1,0,11,7.71985046984871e-17,0.722486720998652
"12",100,100,0,1,0,12,0.00235829988921134,0.57936854624931
"13",100,100,0,1,0,13,0.00308849525502017,0.73718782022305
"14",100,100,0,1,0,14,3.84930037770294e-12,0.212939585148149
"15",100,100,0,1,0,15,0.0042936258016836,0.487555414506487
"16",100,100,0,1,0,16,1.89397779426522e-18,0.226929599366538
"17",100,100,0,1,0,17,0.00226190289122242,0.593642256043963
"18",100,100,0,1,0,18,1.14243576228738e-17,0.871530992631565
"19",100,100,0,1,0,19,1.29992385280111e-12,0.0159356791883323
"20",100,100,0,1,0,20,5.19846096126227e-17,0.311593946122865
"21",100,100,0,1,0,21,0.00438747429086613,0.387250944330553
"22",100,100,0,1,0,22,0.00283538766322205,0.531844910536954
"23",100,100,0,1,0,23,2.14939090551252e-19,0.261491349886824
"24",100,100,0,1,0,24,2.98420647333959e-22,0.731856873446255
"25",100,100,0,1,0,25,1.99994004765702e-12,0.110007777811028
"26",100,100,0,1,0,26,0.000909509087526615,0.947353931073571
"27",100,100,0,1,0,27,2.0716787718018e-15,0.397872252671653
"28",100,100,0,1,0,28,3.18485539640511e-14,0.473545132921663
"29",100,100,0,1,0,29,0.00480021617895223,0.41667183597227
"30",100,100,0,1,0,30,2.62965279109258e-17,0.143231727853997
"31",100,100,0,1,0,31,4.38328958214235e-17,0.462575876034861
"32",100,100,0,1,0,32,0.0014156740953246,0.744915738214821
"33",100,100,0,1,0,33,6.05117226932416e-20,0.572076358208912
"34",100,100,0,1,0,34,0.0117434334623042,0.265972270885215
"35",100,100,0,1,0,35,2.89551624217242e-20,0.91245148575339
"36",100,100,0,1,0,36,9.61639330337985e-13,0.386143207325657
"37",100,100,0,1,0,37,1.56530499611865e-17,0.714105381932989
"38",100,100,0,1,0,38,1.73349254046799e-14,0.0881878586491696
"39",100,100,0,1,0,39,0.00278172428028738,0.542144892747144
"40",100,100,0,1,0,40,1.12503171019813e-12,0.611397330942966
"41",100,100,0,1,0,41,1.8957385812176e-16,0.29713588175334
"42",100,100,0,1,0,42,2.46397521245867e-17,0.505766312211141
"43",100,100,0,1,0,43,1.96545225585632e-17,0.0973931259780092
"44",100,100,0,1,0,44,0.00107067298058756,0.920014817434128
"45",100,100,0,1,0,45,3.94748504079452e-19,0.0187500590230181
"46",100,100,0,1,0,46,0.0349599748245751,0.0952510709378146
"47",100,100,0,1,0,47,0.00138268335742651,0.979809719262996
"48",100,100,0,1,0,48,1.15671050323331e-18,0.580058075548076
"49",100,100,0,1,0,49,0.00113449553449222,0.939153180657603
"50",100,100,0,1,0,50,3.84351770960212e-21,0.341878961800822
"51",100,100,0,1,0,51,0.00501407354461199,0.367184717794543
"52",100,100,0,1,0,52,1.02529439276565e-16,0.644695830223878
"53",100,100,0,1,0,53,8.46078472993416e-17,0.00390057284416201
"54",100,100,0,1,0,54,0.00171325821010795,0.664144699035151
"55",100,100,0,1,0,55,0.00219417268297509,0.842652903938389
"56",100,100,0,1,0,56,0.000766918294767513,0.962864921971483
"57",100,100,0,1,0,57,0.00151696029512384,0.853040725608249
"58",100,100,0,1,0,58,1.20201647880197e-15,0.62507403204517
"59",100,100,0,1,0,59,0.00813093571962797,0.584697987990167
"60",100,100,0,1,0,60,1.41007696834213e-16,0.576013857486809
"61",100,100,0,1,0,61,0.00201982631875725,0.724754114140519
"62",100,100,0,1,0,62,4.11202586617488e-10,0.636332130248684
"63",100,100,0,1,0,63,9.641676751301e-20,0.164030450384281
"64",100,100,0,1,0,64,0.023815744283229,0.162159027613581
"65",100,100,0,1,0,65,6.79343791629953e-19,0.249941301984241
"66",100,100,0,1,0,66,9.92813054570349e-19,0.463463482707961
"67",100,100,0,1,0,67,0.00440750675931399,0.966718753824856
"68",100,100,0,1,0,68,9.45360035924343e-14,0.473931930679553
"69",100,100,0,1,0,69,0.00647621399094726,0.576994882832826
"70",100,100,0,1,0,70,0.00392290014799388,0.454889511272633
"71",100,100,0,1,0,71,0.00710594269293525,0.817203333054528
"72",100,100,0,1,0,72,0.0114827597541283,0.768521671418374
"73",100,100,0,1,0,73,0.00270890197441502,0.664628041619829
"74",100,100,0,1,0,74,9.46990762520117e-17,0.0273036702469922
"75",100,100,0,1,0,75,8.61385111613221e-18,0.925191563239052
"76",100,100,0,1,0,76,0.00541254864439122,0.433595163976142
"77",100,100,0,1,0,77,0.010584488220246,0.676619101166549
"78",100,100,0,1,0,78,1.98429405956214e-18,0.266289342852554
"79",100,100,0,1,0,79,0.00780518817518667,0.597927216533154
"80",100,100,0,1,0,80,1.33222497000427e-15,0.538548572035113
"81",100,100,0,1,0,81,7.36587927789021e-22,0.154132467125042
"82",100,100,0,1,0,82,2.94682123256932e-18,0.507979987554037
"83",100,100,0,1,0,83,0.000901311632002471,0.956915896469499
"84",100,100,0,1,0,84,2.08522139349746e-20,0.560914337023765
"85",100,100,0,1,0,85,0.0173230503286419,0.090421894493499
"86",100,100,0,1,0,86,6.75425314377641e-20,0.68419085593217
"87",100,100,0,1,0,87,5.42234413771001e-18,0.430552819933161
"88",100,100,0,1,0,88,7.21553853683565e-15,0.719634993108946
"89",100,100,0,1,0,89,0.021704871395375,0.522794949239016
"90",100,100,0,1,0,90,2.59002254330292e-19,0.254815175228102
"91",100,100,0,1,0,91,9.05520721945293e-10,0.237860617216844
"92",100,100,0,1,0,92,7.49450106838526e-17,0.248356573105108
"93",100,100,0,1,0,93,2.46786260809179e-15,0.745676119944971
"94",100,100,0,1,0,94,8.73151219341493e-11,0.385477702589411
"95",100,100,0,1,0,95,0.000809836655689625,0.921932100704149
"96",100,100,0,1,0,96,7.96075786857903e-21,0.871066103887621
"97",100,100,0,1,0,97,6.50569652017115e-13,0.30293607286582
"98",100,100,0,1,0,98,3.36321206864437e-12,0.387296772867263
"99",100,100,0,1,0,99,4.87021660121982e-19,0.141134126725112
"100",100,100,0,1,0,100,9.19960022239662e-15,0.22915835527408
"101",100,100,0,1,0,101,3.26069335967305e-16,0.0556344461295362
"102",100,100,0,1,0,102,0.00410566521805843,0.299785603674021
"103",100,100,0,1,0,103,8.84717031643494e-18,0.658803883327849
"104",100,100,0,1,0,104,2.11924427380937e-15,0.461121862275356
"105",100,100,0,1,0,105,2.09015870392429e-14,0.00631569891567874
"106",100,100,0,1,0,106,0.0031518585910518,0.562707242823176
"107",100,100,0,1,0,107,0.0023909922129898,0.700755065484897
"108",100,100,0,1,0,108,2.01549170679711e-15,0.31300291070482
"109",100,100,0,1,0,109,0.00166625566826242,0.65208314945016
"110",100,100,0,1,0,110,8.84980415076297e-15,0.537478622789141
"111",100,100,0,1,0,111,1.51351994539844e-08,0.0260760168536192
"112",100,100,0,1,0,112,1.04249447890905e-15,0.408596393034788
"113",100,100,0,1,0,113,7.07574811984442e-16,0.833940410932878
"114",100,100,0,1,0,114,2.45702360786314e-13,0.752691073498791
"115",100,100,0,1,0,115,0.000794696227123962,0.999906672390247
"116",100,100,0,1,0,116,3.99066180707778e-14,0.00918346700844086
"117",100,100,0,1,0,117,8.4544408609697e-19,0.347616130782407
"118",100,100,0,1,0,118,0.00110914427651659,0.903460776962192
"119",100,100,0,1,0,119,0.00493500743746567,0.616186073890894
"120",100,100,0,1,0,120,7.35405876560126e-11,0.0207298880405523
"121",100,100,0,1,0,121,1.16168875332866e-20,0.296904223214009
"122",100,100,0,1,0,122,1.80369455384581e-14,0.628353074924367
"123",100,100,0,1,0,123,1.78761377078847e-18,0.134627247017127
"124",100,100,0,1,0,124,0.00299786323460767,0.472446097821474
"125",100,100,0,1,0,125,6.78272118035e-15,0.540772431327908
"126",100,100,0,1,0,126,0.00194868185642358,0.689095574340013
"127",100,100,0,1,0,127,8.84427033755358e-20,0.247414558401787
"128",100,100,0,1,0,128,6.94672514747818e-21,0.383565923808664
"129",100,100,0,1,0,129,1.22824861268326e-15,0.677366771654083
"130",100,100,0,1,0,130,2.19717665562643e-14,0.866115942047356
"131",100,100,0,1,0,131,2.94539587656982e-16,0.243203043559192
"132",100,100,0,1,0,132,1.17654881865539e-20,0.809656508806647
"133",100,100,0,1,0,133,0.00208665531413889,0.745540238707668
"134",100,100,0,1,0,134,8.01040445944734e-20,0.520085252545615
"135",100,100,0,1,0,135,3.38214691226593e-21,0.75019069193755
"136",100,100,0,1,0,136,2.73523222602861e-17,0.769263948545005
"137",100,100,0,1,0,137,4.69186831059404e-16,0.407140217144548
"138",100,100,0,1,0,138,2.18039585347557e-14,0.501623450495867
"139",100,100,0,1,0,139,4.57468116125218e-24,0.927990391929925
"140",100,100,0,1,0,140,0.00043693446145109,0.998731225543438
"141",100,100,0,1,0,141,0.0108886697390313,0.611879995299331
"142",100,100,0,1,0,142,2.43676299422661e-19,0.805791221422686
"143",100,100,0,1,0,143,2.30994745040155e-15,0.0165657147030904
"144",100,100,0,1,0,144,6.83331412574063e-16,0.569339283832778
"145",100,100,0,1,0,145,2.71915587512588e-14,0.409358505409126
"146",100,100,0,1,0,146,0.00303380377090665,0.859659388928234
"147",100,100,0,1,0,147,5.93684525026457e-14,0.175501382760745
"148",100,100,0,1,0,148,0.000746042768720644,0.959574777746379
"149",100,100,0,1,0,149,0.00106650079130803,0.982164395697081
"150",100,100,0,1,0,150,1.09502931228067e-18,0.11430342145752
"151",100,100,0,1,0,151,4.29018375142985e-21,0.324797641100147
"152",100,100,0,1,0,152,3.90151857203448e-14,0.544091033345798
"153",100,100,0,1,0,153,4.32893621621016e-19,0.905294499778432
"154",100,100,0,1,0,154,1.21109205935643e-16,0.561129693947791
"155",100,100,0,1,0,155,5.84736969277745e-18,0.755978576748653
"156",100,100,0,1,0,156,0.00284282870560919,0.697678758783344
"157",100,100,0,1,0,157,1.22378288443636e-18,0.512348560912317
"158",100,100,0,1,0,158,0.00148282686695898,0.732392972667365
"159",100,100,0,1,0,159,4.19052600574499e-16,0.520500998418659
"160",100,100,0,1,0,160,1.73473230474623e-12,0.0347473975029736
"161",100,100,0,1,0,161,0.000743187774697455,0.992326000889913
"162",100,100,0,1,0,162,4.37565353021122e-21,0.186869469648345
"163",100,100,0,1,0,163,5.17170577540128e-18,0.404374026677404
"164",100,100,0,1,0,164,0.00116759080859057,0.810037379980619
"165",100,100,0,1,0,165,3.00010734358278e-19,0.787018126846712
"166",100,100,0,1,0,166,0.0015062098150911,0.746239880380198
"167",100,100,0,1,0,167,0.00167291445845825,0.794561276222338
"168",100,100,0,1,0,168,0.000747164179022731,0.921328142784966
"169",100,100,0,1,0,169,0.00421824751544037,0.357370254057375
"170",100,100,0,1,0,170,0.000502919941974298,0.983805329259942
"171",100,100,0,1,0,171,0.00149274041134101,0.955662521811251
"172",100,100,0,1,0,172,0.00323616589182376,0.552230983737325
"173",100,100,0,1,0,173,1.55796599905662e-17,0.774946864988734
"174",100,100,0,1,0,174,0.00271882009407479,0.55420708978236
"175",100,100,0,1,0,175,1.76860814806558e-18,0.134573633514094
"176",100,100,0,1,0,176,0.0208598362892748,0.654006715670161
"177",100,100,0,1,0,177,0.000923826583440288,0.890709255659876
"178",100,100,0,1,0,178,1.44331067466244e-16,0.0740776294239052
"179",100,100,0,1,0,179,1.66822194710784e-20,0.79445609363537
"180",100,100,0,1,0,180,1.23301186262786e-16,0.186683771508092
"181",100,100,0,1,0,181,3.62566212304002e-18,0.896077788320871
"182",100,100,0,1,0,182,1.93218227183713e-20,0.262976705825018
"183",100,100,0,1,0,183,7.99078552059378e-10,0.0651786649391396
"184",100,100,0,1,0,184,3.16700889860115e-17,0.363177426010942
"185",100,100,0,1,0,185,6.58028181563584e-16,0.362409572336245
"186",100,100,0,1,0,186,0.00648241178292012,0.45951603844877
"187",100,100,0,1,0,187,2.37245071117941e-19,0.826960368086635
"188",100,100,0,1,0,188,9.96674033195062e-14,0.55944225047347
"189",100,100,0,1,0,189,0.012511280772616,0.351266583872036
"190",100,100,0,1,0,190,0.0144534171295867,0.197867088166779
"191",100,100,0,1,0,191,1.01474119673396e-07,0.232764360553486
"192",100,100,0,1,0,192,0.0437134147871852,0.073372833938551
"193",100,100,0,1,0,193,2.76188388716721e-19,0.891289017296635
"194",100,100,0,1,0,194,4.50023649029005e-13,0.249257164901233
"195",100,100,0,1,0,195,8.04815520708835e-14,0.126689581609883
"196",100,100,0,1,0,196,1.68526100432709e-19,0.971960918739891
"197",100,100,0,1,0,197,2.10663103205928e-17,0.182964042681905
"198",100,100,0,1,0,198,1.02866549392608e-16,0.83377588317989
"199",100,100,0,1,0,199,0.00449713811747163,0.498303406858074
"200",100,100,0,1,0,200,1.92288909231269e-18,0.706274959900639
"201",100,100,0,1,0,201,7.88124221595733e-14,0.847472824685363
"202",100,100,0,1,0,202,1.29229051082572e-20,0.481421912047068
"203",100,100,0,1,0,203,3.55648519876175e-15,0.541235192233882
"204",100,100,0,1,0,204,3.26382475967336e-13,0.563971809641089
"205",100,100,0,1,0,205,0.0018057281344894,0.797256902206384
"206",100,100,0,1,0,206,1.57439270300082e-12,0.762730592693199
"207",100,100,0,1,0,207,0.00167215420487478,0.681615747513583
"208",100,100,0,1,0,208,0.0103907140625328,0.261136493664441
"209",100,100,0,1,0,209,1.67237784200608e-18,0.641228092758061
"210",100,100,0,1,0,210,1.02821271675074e-19,0.683309605173259
"211",100,100,0,1,0,211,0.000870854807594127,0.9458797915993
"212",100,100,0,1,0,212,1.54076730252754e-22,0.919465877963058
"213",100,100,0,1,0,213,0.00277820841690506,0.512655072229847
"214",100,100,0,1,0,214,9.90321653682259e-19,0.493221890749471
"215",100,100,0,1,0,215,0.00323909020802331,0.423109458181949
"216",100,100,0,1,0,216,3.39539420419855e-19,0.078136935621038
"217",100,100,0,1,0,217,3.26536797617557e-15,0.366649066928201
"218",100,100,0,1,0,218,1.13910150036453e-18,0.683058369313391
"219",100,100,0,1,0,219,0.00167228783108591,0.770226116701517
"220",100,100,0,1,0,220,1.19376523154196e-12,0.229745520779523
"221",100,100,0,1,0,221,4.60521849418173e-19,0.648598448220863
"222",100,100,0,1,0,222,0.161667512141583,0.482020096001244
"223",100,100,0,1,0,223,5.66551826700277e-20,0.127009643386736
"224",100,100,0,1,0,224,1.36769382338002e-20,0.093567319540244
"225",100,100,0,1,0,225,0.00889643251228321,0.665373889656018
"226",100,100,0,1,0,226,1.41161691751508e-11,0.346083859673653
"227",100,100,0,1,0,227,1.21090240452546e-20,0.756986832820672
"228",100,100,0,1,0,228,8.81846197945139e-20,0.0321177224341409
"229",100,100,0,1,0,229,2.64581423544949e-19,0.803443584478247
"230",100,100,0,1,0,230,0.00204205299545543,0.784264906395797
"231",100,100,0,1,0,231,0.00151866544011545,0.874014956246012
"232",100,100,0,1,0,232,7.23604866709763e-21,0.983651078467582
"233",100,100,0,1,0,233,5.47053024808784e-15,0.409393083819457
"234",100,100,0,1,0,234,1.42481985473009e-19,0.540667182086338
"235",100,100,0,1,0,235,0.000896096072898525,0.941352133606964
"236",100,100,0,1,0,236,4.46880911476371e-15,0.616589434617789
"237",100,100,0,1,0,237,0.00115429545232999,0.983203279911963
"238",100,100,0,1,0,238,4.98524861336432e-14,0.40843131631456
"239",100,100,0,1,0,239,1.35721513033634e-15,0.544009860406784
"240",100,100,0,1,0,240,0.00328857075979537,0.615128129314629
"241",100,100,0,1,0,241,1.07354930807378e-13,0.730571102398997
"242",100,100,0,1,0,242,1.12191900865072e-20,0.110166118602994
"243",100,100,0,1,0,243,4.68922037506799e-16,0.158527460103875
"244",100,100,0,1,0,244,3.09112770446394e-18,0.604122531370172
"245",100,100,0,1,0,245,0.0078590687373853,0.732709523228688
"246",100,100,0,1,0,246,3.36604922301461e-18,0.323800338056634
"247",100,100,0,1,0,247,1.90155774372068e-17,0.293658187087385
"248",100,100,0,1,0,248,2.08836379146684e-16,0.644804646949221
"249",100,100,0,1,0,249,4.7871093076242e-16,0.0172637520013341
"250",100,100,0,1,0,250,0.00172069592790344,0.865841779252917
"251",100,100,0,1000,0,1,3.36252745463276e-05,1
"252",100,100,0,1000,0,2,4.21950611390991e-18,1
"253",100,100,0,1000,0,3,3.99396257619991e-05,1
"254",100,100,0,1000,0,4,3.06065332474602e-22,1
"255",100,100,0,1000,0,5,1.87552023319981e-22,1
"256",100,100,0,1000,0,6,3.6292968888303e+32,0
"257",100,100,0,1000,0,7,0.000342577943495959,0.999615965836501
"258",100,100,0,1000,0,8,77297855.2703972,0
"259",100,100,0,1000,0,9,4.26796489481059e-21,0.512019120056466
"260",100,100,0,1000,0,10,4.21543493770586e-05,1
"261",100,100,0,1000,0,11,9.02159409795323e-20,0.155039651432697
"262",100,100,0,1000,0,12,6.73435478800239e-05,1
"263",100,100,0,1000,0,13,0.0154957298109598,0.930887642428179
"264",100,100,0,1000,0,14,9.60607875828177e-15,0.894803233143097
"265",100,100,0,1000,0,15,2.88856699180251e-05,1
"266",100,100,0,1000,0,16,3.17620848491988e-26,1
"267",100,100,0,1000,0,17,5.77844913174829e-05,1
"268",100,100,0,1000,0,18,0.000619649598570856,0.998968686119921
"269",100,100,0,1000,0,19,8.54808858533609e-17,0.00971911349844912
"270",100,100,0,1000,0,20,0.000169477999430197,1
"271",100,100,0,1000,0,21,4.02738786191798e-05,1
"272",100,100,0,1000,0,22,5.33105846286778e-05,1
"273",100,100,0,1000,0,23,5.94614731295022e-14,1
"274",100,100,0,1000,0,24,4.89411760034244e-05,1
"275",100,100,0,1000,0,25,1.58431495819204e-10,0.999818447705251
"276",100,100,0,1000,0,26,64018.9321890688,0
"277",100,100,0,1000,0,27,10.7378529023644,2.4320303582126e-07
"278",100,100,0,1000,0,28,2.89025198226152,5.60643740885602e-05
"279",100,100,0,1000,0,29,3.67504030259822e-25,0.99999999889623
"280",100,100,0,1000,0,30,0.000874386203881106,0.999999999094397
"281",100,100,0,1000,0,31,1.62243771829188e-18,0.854905536631215
"282",100,100,0,1000,0,32,5.57471708863669e-22,0.212260318441042
"283",100,100,0,1000,0,33,2.83023806875368e-13,2.06054090456931e-08
"284",100,100,0,1000,0,34,1.30121262550947e-25,0.999999593258904
"285",100,100,0,1000,0,35,0.145231147011552,0.33347765993512
"286",100,100,0,1000,0,36,3.24663454549633e-05,1
"287",100,100,0,1000,0,37,7.32302726605594e-05,1
"288",100,100,0,1000,0,38,2.92200925255866e-05,1
"289",100,100,0,1000,0,39,3.25473702149393e-05,1
"290",100,100,0,1000,0,40,3.40966290111594e-05,1
"291",100,100,0,1000,0,41,969963277.942568,0
"292",100,100,0,1000,0,42,4.34148048072662e-05,1
"293",100,100,0,1000,0,43,3.35133540690898e-05,1
"294",100,100,0,1000,0,44,0.000103565702702911,1
"295",100,100,0,1000,0,45,0.000454878625647105,0.999998837640615
"296",100,100,0,1000,0,46,8.95704991871744e-23,0.999999999997154
"297",100,100,0,1000,0,47,4.65918828579555e-05,1
"298",100,100,0,1000,0,48,1.34455134901877e-22,0.999999759498143
"299",100,100,0,1000,0,49,3.80271758418092e-05,1
"300",100,100,0,1000,0,50,9.1099617351772e-05,1
"301",100,100,0,1000,0,51,2.92328753530612e-05,1
"302",100,100,0,1000,0,52,2.87587239930739e-05,1
"303",100,100,0,1000,0,53,0.000342853122090096,1
"304",100,100,0,1000,0,54,0.000408063024141381,0.999996905195582
"305",100,100,0,1000,0,55,0.000251265244969321,0.999999999999999
"306",100,100,0,1000,0,56,1.26907079093471e-10,1.96272962045274e-05
"307",100,100,0,1000,0,57,3.65397998144423e-25,0.975166451569662
"308",100,100,0,1000,0,58,3.23349335412194e-13,0.0721136365503083
"309",100,100,0,1000,0,59,0.00673917882753123,0.995589768599213
"310",100,100,0,1000,0,60,1.61184700813776e-22,1
"311",100,100,0,1000,0,61,4.93554850666502,0.429779750419486
"312",100,100,0,1000,0,62,0.000293676327463148,0.99999999999668
"313",100,100,0,1000,0,63,1.80546991024504e-16,0.00113043497665166
"314",100,100,0,1000,0,64,3.28378910723439e-05,1
"315",100,100,0,1000,0,65,27761921.4958536,7.35568237653084e-07
"316",100,100,0,1000,0,66,2.23416220362607e-12,2.09809947193662e-12
"317",100,100,0,1000,0,67,7.29326735311464e-05,1
"318",100,100,0,1000,0,68,3.68079023943715e-16,0.827466347294678
"319",100,100,0,1000,0,69,4.69374462417338e-05,1
"320",100,100,0,1000,0,70,4.47701975677264e-18,0.000127293945225038
"321",100,100,0,1000,0,71,0.00050071098304526,0.999263756224277
"322",100,100,0,1000,0,72,0.000261924178276714,1
"323",100,100,0,1000,0,73,0.00028605715795393,0.999983874019165
"324",100,100,0,1000,0,74,5.59579031684288e-05,1
"325",100,100,0,1000,0,75,1.03447273588923e-13,0.999999970706678
"326",100,100,0,1000,0,76,0.00538978543211596,0.69830442458939
"327",100,100,0,1000,0,77,0.00147467107152656,0.999999952107562
"328",100,100,0,1000,0,78,2.85307249301881e-05,1
"329",100,100,0,1000,0,79,3.45463126074539e-05,1
"330",100,100,0,1000,0,80,6.2134716997403e-05,1
"331",100,100,0,1000,0,81,2.7639149728523,1.15301849116234e-05
"332",100,100,0,1000,0,82,3.64424909128815e-05,1
"333",100,100,0,1000,0,83,2.19359345047502e-22,0.999999999999997
"334",100,100,0,1000,0,84,3.83438671562588e-05,1
"335",100,100,0,1000,0,85,0.000152576132455261,0.999999999999777
"336",100,100,0,1000,0,86,5.8672215551813e-05,1
"337",100,100,0,1000,0,87,5.22630376305336e-20,0.724572527395394
"338",100,100,0,1000,0,88,7.80332849785482e-22,0.999997942691774
"339",100,100,0,1000,0,89,6.86128828540349e-16,0.999396251162864
"340",100,100,0,1000,0,90,1.49573894839881e-22,0.581420138148023
"341",100,100,0,1000,0,91,0.000548697597093469,0.999987094177961
"342",100,100,0,1000,0,92,10.6970008039792,0.000219982895419246
"343",100,100,0,1000,0,93,5.64777055635374e-16,0.999999999970983
"344",100,100,0,1000,0,94,2.28662212943786e-18,1
"345",100,100,0,1000,0,95,3.03602538126357e-21,0.29528665466513
"346",100,100,0,1000,0,96,3.06536238901979e-05,1
"347",100,100,0,1000,0,97,6.10671819973328e-05,1
"348",100,100,0,1000,0,98,0.000267077211361266,0.999851443778656
"349",100,100,0,1000,0,99,664378775.970023,4.45145031946481e-11
"350",100,100,0,1000,0,100,4.73349594284529e-17,0.145392664126722
"351",100,100,0,1000,0,101,0.000351067863827485,0.999999999973275
"352",100,100,0,1000,0,102,4.22545710636963e-10,1
"353",100,100,0,1000,0,103,0.0110699492904318,0.840523368573516
"354",100,100,0,1000,0,104,9.27713182352573e-17,0.81993020740671
"355",100,100,0,1000,0,105,7.86050813264443e-19,0.983974493272518
"356",100,100,0,1000,0,106,9.86697880390735e-24,0.603211379921776
"357",100,100,0,1000,0,107,0.000695129587998926,0.999999342376278
"358",100,100,0,1000,0,108,4.19283380419871e-05,1
"359",100,100,0,1000,0,109,0.000271319496729687,0.999999999999957
"360",100,100,0,1000,0,110,1.49663986565162e-19,0.982374268628214
"361",100,100,0,1000,0,111,1806813.02345673,0.000142559325503111
"362",100,100,0,1000,0,112,2.85038725731034e-14,0.999345689233416
"363",100,100,0,1000,0,113,1.9228187355821e-10,6.90730733724498e-05
"364",100,100,0,1000,0,114,3.47337905759831e-05,1
"365",100,100,0,1000,0,115,3.08708052740326e-05,1
"366",100,100,0,1000,0,116,2.10697365827743e-15,0.0269319602722712
"367",100,100,0,1000,0,117,6.74132874231162e-05,1
"368",100,100,0,1000,0,118,1.65688954510236e-18,0.998799412448117
"369",100,100,0,1000,0,119,4.35295599082603e-22,1
"370",100,100,0,1000,0,120,5.80505175984317e-11,1.66451307448412e-06
"371",100,100,0,1000,0,121,1.07830952441083e-23,0.155701900741352
"372",100,100,0,1000,0,122,7.18925686155498e-19,0.999998555241104
"373",100,100,0,1000,0,123,9.99621844165314e-16,0.550990673126326
"374",100,100,0,1000,0,124,39627858861937352704,0
"375",100,100,0,1000,0,125,1.60030446138965e-15,0.000536575648488635
"376",100,100,0,1000,0,126,0.00144165278735496,0.999991662845403
"377",100,100,0,1000,0,127,1.95181638751248e-24,0.999998828274309
"378",100,100,0,1000,0,128,0.00192538206639856,0.999748062371089
"379",100,100,0,1000,0,129,866599.014605137,0.000854306816015948
"380",100,100,0,1000,0,130,0.00428143696038876,0.986802953632269
"381",100,100,0,1000,0,131,3.95213600682655e-24,1
"382",100,100,0,1000,0,132,9.90034804492512e-25,0.773375048603272
"383",100,100,0,1000,0,133,5.049546351798e+41,0
"384",100,100,0,1000,0,134,3.82348242646237e-22,1
"385",100,100,0,1000,0,135,1.75960827490467e-05,0.999999610041401
"386",100,100,0,1000,0,136,2260883483.50575,2.00284233642378e-12
"387",100,100,0,1000,0,137,3.45770487405962e-05,1
"388",100,100,0,1000,0,138,3.86339105922105e-05,1
"389",100,100,0,1000,0,139,0.000159797322836384,0.999999999999979
"390",100,100,0,1000,0,140,3.75058955271204e-05,1
"391",100,100,0,1000,0,141,478.687027143974,4.5285719618704e-09
"392",100,100,0,1000,0,142,0.000145339408293583,0.999999999999999
"393",100,100,0,1000,0,143,37271825147380301824,0
"394",100,100,0,1000,0,144,1.59612289294951e-18,0.302079527573299
"395",100,100,0,1000,0,145,2.85188584768188e-16,0.00419002497752397
"396",100,100,0,1000,0,146,0.000118342774666393,1
"397",100,100,0,1000,0,147,4.95881135071661e-14,0.999999999999999
"398",100,100,0,1000,0,148,6.72156584303896e-05,1
"399",100,100,0,1000,0,149,0.000573718040311772,0.999999996805791
"400",100,100,0,1000,0,150,33269527.6878662,0
"401",100,100,0,1000,0,151,7.95184535069895e-17,1
"402",100,100,0,1000,0,152,3.0737214576323e-05,1
"403",100,100,0,1000,0,153,3.27928848977518e-23,0.878945087553172
"404",100,100,0,1000,0,154,1.17853224159502e-15,0.841801563026448
"405",100,100,0,1000,0,155,0.000443339344436649,0.999999999890423
"406",100,100,0,1000,0,156,0.000828803140067553,0.999998545158123
"407",100,100,0,1000,0,157,4.13250355099342e-05,1
"408",100,100,0,1000,0,158,4.33765344758366e-13,4.6077097692887e-10
"409",100,100,0,1000,0,159,5.47573675284089e-05,1
"410",100,100,0,1000,0,160,7.46528088402668e-05,1
"411",100,100,0,1000,0,161,5.55591305772158e-05,1
"412",100,100,0,1000,0,162,0.00124610236062181,0.999865977104696
"413",100,100,0,1000,0,163,6.42770261237098e-05,1
"414",100,100,0,1000,0,164,3.6858875230018e-05,1
"415",100,100,0,1000,0,165,1.89576554447648e-20,0.451699359594086
"416",100,100,0,1000,0,166,3.41998072322718e-05,1
"417",100,100,0,1000,0,167,2.88295743275667e-05,1
"418",100,100,0,1000,0,168,3.54613298073876e-05,1
"419",100,100,0,1000,0,169,4.84260500296068e-18,0.0151098987583034
"420",100,100,0,1000,0,170,1.64041828048979e-15,0.999988876462074
"421",100,100,0,1000,0,171,9.26832398423227,0.00552721093620456
"422",100,100,0,1000,0,172,0.00598450572507704,0.794821782303452
"423",100,100,0,1000,0,173,1.96832515870945e-20,0.999848554909672
"424",100,100,0,1000,0,174,3.92101604400114e+37,0
"425",100,100,0,1000,0,175,507940442810.251,0
"426",100,100,0,1000,0,176,0.00230473498359678,0.997216340669959
"427",100,100,0,1000,0,177,3.25353733635652e-05,1
"428",100,100,0,1000,0,178,1.93753808473247e-06,2.21332063787827e-10
"429",100,100,0,1000,0,179,0.00216613556553739,0.993994447559147
"430",100,100,0,1000,0,180,6.07647628888091e+37,0
"431",100,100,0,1000,0,181,5.02200432425504e-05,1
"432",100,100,0,1000,0,182,22588756907.2091,2.02379272673525e-07
"433",100,100,0,1000,0,183,0.000499357955307437,0.999990930803272
"434",100,100,0,1000,0,184,3.18050808213295e-05,1
"435",100,100,0,1000,0,185,8.34630283805963e-05,1
"436",100,100,0,1000,0,186,3.04028302677499e-05,1
"437",100,100,0,1000,0,187,2.8898343273887e-05,1
"438",100,100,0,1000,0,188,0.000641146082781089,0.995719898178263
"439",100,100,0,1000,0,189,0.00011337383803769,1
"440",100,100,0,1000,0,190,3.69701986506965e-05,1
"441",100,100,0,1000,0,191,2.27362148483342e-15,0.999998128273253
"442",100,100,0,1000,0,192,5.54393527218452e+53,0
"443",100,100,0,1000,0,193,3.07817918570967e-05,1
"444",100,100,0,1000,0,194,0.000104303388662791,1
"445",100,100,0,1000,0,195,8.44412972161473e-05,0.99999999999851
"446",100,100,0,1000,0,196,4.48788276679874e-25,0.99999997952959
"447",100,100,0,1000,0,197,3.43301624229073e-05,1
"448",100,100,0,1000,0,198,0.000118780491502627,1
"449",100,100,0,1000,0,199,3.82566423948552e-05,1
"450",100,100,0,1000,0,200,0.00018702176880051,1
"451",100,100,0,1000,0,201,4.0014447036638e-05,1
"452",100,100,0,1000,0,202,1.85989789063267e-15,0.000136879864339079
"453",100,100,0,1000,0,203,5.80830227040297e-05,1
"454",100,100,0,1000,0,204,236.65706180327,0
"455",100,100,0,1000,0,205,7.86334516616136e-19,1
"456",100,100,0,1000,0,206,9.05846369456922e-05,1
"457",100,100,0,1000,0,207,3.4828383069992e-05,1
"458",100,100,0,1000,0,208,8.3447096617426e-22,0.999999006442613
"459",100,100,0,1000,0,209,1.30747976590123e-25,0.999999999977961
"460",100,100,0,1000,0,210,1.51212496284033e-19,0.99999622602916
"461",100,100,0,1000,0,211,0.222379121210428,0.127753064327447
"462",100,100,0,1000,0,212,137575.535719898,2.89335222447562e-12
"463",100,100,0,1000,0,213,5.5880358815461e-25,0.999999999913602
"464",100,100,0,1000,0,214,1.51911700618307,0.640204276090972
"465",100,100,0,1000,0,215,0.000260008913933889,0.999999999999744
"466",100,100,0,1000,0,216,1.29302626058092e-14,0.99999999999992
"467",100,100,0,1000,0,217,3.45618383147755e-05,1
"468",100,100,0,1000,0,218,0.000196026383486614,0.999991162363023
"469",100,100,0,1000,0,219,7.10161513786915,2.61075829843804e-08
"470",100,100,0,1000,0,220,7.83001662688835e-17,0.58617404300331
"471",100,100,0,1000,0,221,4353202921.10538,1.77635683940025e-15
"472",100,100,0,1000,0,222,3.63865227568423e-25,0.981945230993686
"473",100,100,0,1000,0,223,1.06113922323808e-27,0.994006788631058
"474",100,100,0,1000,0,224,91.1486651434822,7.4579235647132e-06
"475",100,100,0,1000,0,225,3.65780594238625e-05,1
"476",100,100,0,1000,0,226,3.06572751639754e-05,1
"477",100,100,0,1000,0,227,0.00012577848737238,1
"478",100,100,0,1000,0,228,4.5597342813738e+123,0
"479",100,100,0,1000,0,229,2.47566097945903e+42,0
"480",100,100,0,1000,0,230,0.0412091367037855,0.0330299349701205
"481",100,100,0,1000,0,231,5.0912770176381e-05,1
"482",100,100,0,1000,0,232,4.70977990986154e-05,1
"483",100,100,0,1000,0,233,2.96250704347867e-05,1
"484",100,100,0,1000,0,234,1.12161260313862e-21,0.952971202289688
"485",100,100,0,1000,0,235,3074.64379052922,1.32893696047631e-13
"486",100,100,0,1000,0,236,1.04006071547758e-13,0.999999933349497
"487",100,100,0,1000,0,237,0.00105535334853654,8.92708129640596e-12
"488",100,100,0,1000,0,238,9.39111623032356e-05,1
"489",100,100,0,1000,0,239,1.49235428869179e-08,3.6174374606901e-09
"490",100,100,0,1000,0,240,4.42113966912053e+29,0
"491",100,100,0,1000,0,241,5.61528203751294e-11,1
"492",100,100,0,1000,0,242,4.61536409957389e-05,1
"493",100,100,0,1000,0,243,3.71703731550592e-05,1
"494",100,100,0,1000,0,244,3.08048287228516e-05,1
"495",100,100,0,1000,0,245,0.00500695006129163,0.942999764248841
"496",100,100,0,1000,0,246,2.14033315598404e-19,0.0152916170935826
"497",100,100,0,1000,0,247,0.0297142037196414,0.179477561846337
"498",100,100,0,1000,0,248,0.000560300632411258,0
"499",100,100,0,1000,0,249,8.55979856488939e-05,1
"500",100,100,0,1000,0,250,281712.509282975,0.000101733906955559
"501",30,100,15,1,0,1,Inf,0
"502",30,100,15,1,0,2,Inf,0
"503",30,100,15,1,0,3,Inf,0
"504",30,100,15,1,0,4,Inf,0
"505",30,100,15,1,0,5,Inf,0
"506",30,100,15,1,0,6,Inf,0
"507",30,100,15,1,0,7,Inf,0
"508",30,100,15,1,0,8,Inf,0
"509",30,100,15,1,0,9,Inf,0
"510",30,100,15,1,0,10,Inf,0
"511",30,100,15,1,0,11,Inf,0
"512",30,100,15,1,0,12,Inf,0
"513",30,100,15,1,0,13,Inf,0
"514",30,100,15,1,0,14,Inf,0
"515",30,100,15,1,0,15,Inf,0
"516",30,100,15,1,0,16,Inf,0
"517",30,100,15,1,0,17,Inf,0
"518",30,100,15,1,0,18,Inf,0
"519",30,100,15,1,0,19,Inf,0
"520",30,100,15,1,0,20,Inf,0
"521",30,100,15,1,0,21,Inf,0
"522",30,100,15,1,0,22,Inf,0
"523",30,100,15,1,0,23,Inf,0
"524",30,100,15,1,0,24,Inf,0
"525",30,100,15,1,0,25,Inf,0
"526",30,100,15,1,0,26,Inf,0
"527",30,100,15,1,0,27,Inf,0
"528",30,100,15,1,0,28,Inf,0
"529",30,100,15,1,0,29,Inf,0
"530",30,100,15,1,0,30,Inf,0
"531",30,100,15,1,0,31,Inf,0
"532",30,100,15,1,0,32,Inf,0
"533",30,100,15,1,0,33,Inf,0
"534",30,100,15,1,0,34,Inf,0
"535",30,100,15,1,0,35,Inf,0
"536",30,100,15,1,0,36,Inf,0
"537",30,100,15,1,0,37,Inf,0
"538",30,100,15,1,0,38,Inf,0
"539",30,100,15,1,0,39,Inf,0
"540",30,100,15,1,0,40,Inf,0
"541",30,100,15,1,0,41,Inf,0
"542",30,100,15,1,0,42,Inf,0
"543",30,100,15,1,0,43,Inf,0
"544",30,100,15,1,0,44,Inf,0
"545",30,100,15,1,0,45,Inf,0
"546",30,100,15,1,0,46,Inf,0
"547",30,100,15,1,0,47,Inf,0
"548",30,100,15,1,0,48,Inf,0
"549",30,100,15,1,0,49,Inf,0
"550",30,100,15,1,0,50,Inf,0
"551",30,100,15,1,0,51,Inf,0
"552",30,100,15,1,0,52,Inf,0
"553",30,100,15,1,0,53,Inf,0
"554",30,100,15,1,0,54,Inf,0
"555",30,100,15,1,0,55,Inf,0
"556",30,100,15,1,0,56,Inf,0
"557",30,100,15,1,0,57,Inf,0
"558",30,100,15,1,0,58,Inf,0
"559",30,100,15,1,0,59,Inf,0
"560",30,100,15,1,0,60,Inf,0
"561",30,100,15,1,0,61,Inf,0
"562",30,100,15,1,0,62,Inf,0
"563",30,100,15,1,0,63,Inf,0
"564",30,100,15,1,0,64,Inf,0
"565",30,100,15,1,0,65,Inf,0
"566",30,100,15,1,0,66,Inf,0
"567",30,100,15,1,0,67,Inf,0
"568",30,100,15,1,0,68,Inf,0
"569",30,100,15,1,0,69,Inf,0
"570",30,100,15,1,0,70,Inf,0
"571",30,100,15,1,0,71,Inf,0
"572",30,100,15,1,0,72,Inf,0
"573",30,100,15,1,0,73,Inf,0
"574",30,100,15,1,0,74,Inf,0
"575",30,100,15,1,0,75,Inf,0
"576",30,100,15,1,0,76,Inf,0
"577",30,100,15,1,0,77,Inf,0
"578",30,100,15,1,0,78,Inf,0
"579",30,100,15,1,0,79,Inf,0
"580",30,100,15,1,0,80,Inf,0
"581",30,100,15,1,0,81,Inf,0
"582",30,100,15,1,0,82,Inf,0
"583",30,100,15,1,0,83,Inf,0
"584",30,100,15,1,0,84,Inf,0
"585",30,100,15,1,0,85,Inf,0
"586",30,100,15,1,0,86,Inf,0
"587",30,100,15,1,0,87,Inf,0
"588",30,100,15,1,0,88,Inf,0
"589",30,100,15,1,0,89,Inf,0
"590",30,100,15,1,0,90,Inf,0
"591",30,100,15,1,0,91,Inf,0
"592",30,100,15,1,0,92,Inf,0
"593",30,100,15,1,0,93,Inf,0
"594",30,100,15,1,0,94,Inf,0
"595",30,100,15,1,0,95,Inf,0
"596",30,100,15,1,0,96,Inf,0
"597",30,100,15,1,0,97,Inf,0
"598",30,100,15,1,0,98,Inf,0
"599",30,100,15,1,0,99,Inf,0
"600",30,100,15,1,0,100,Inf,0
"601",30,100,15,1,0,101,Inf,0
"602",30,100,15,1,0,102,Inf,0
"603",30,100,15,1,0,103,Inf,0
"604",30,100,15,1,0,104,Inf,0
"605",30,100,15,1,0,105,Inf,0
"606",30,100,15,1,0,106,Inf,0
"607",30,100,15,1,0,107,Inf,0
"608",30,100,15,1,0,108,Inf,0
"609",30,100,15,1,0,109,Inf,0
"610",30,100,15,1,0,110,Inf,0
"611",30,100,15,1,0,111,Inf,0
"612",30,100,15,1,0,112,Inf,0
"613",30,100,15,1,0,113,Inf,0
"614",30,100,15,1,0,114,Inf,0
"615",30,100,15,1,0,115,Inf,0
"616",30,100,15,1,0,116,Inf,0
"617",30,100,15,1,0,117,Inf,0
"618",30,100,15,1,0,118,Inf,0
"619",30,100,15,1,0,119,Inf,0
"620",30,100,15,1,0,120,Inf,0
"621",30,100,15,1,0,121,Inf,0
"622",30,100,15,1,0,122,Inf,0
"623",30,100,15,1,0,123,Inf,0
"624",30,100,15,1,0,124,Inf,0
"625",30,100,15,1,0,125,Inf,0
"626",30,100,15,1,0,126,Inf,0
"627",30,100,15,1,0,127,Inf,0
"628",30,100,15,1,0,128,Inf,0
"629",30,100,15,1,0,129,Inf,0
"630",30,100,15,1,0,130,Inf,0
"631",30,100,15,1,0,131,Inf,0
"632",30,100,15,1,0,132,Inf,0
"633",30,100,15,1,0,133,Inf,0
"634",30,100,15,1,0,134,Inf,0
"635",30,100,15,1,0,135,Inf,0
"636",30,100,15,1,0,136,Inf,0
"637",30,100,15,1,0,137,Inf,0
"638",30,100,15,1,0,138,Inf,0
"639",30,100,15,1,0,139,Inf,0
"640",30,100,15,1,0,140,Inf,0
"641",30,100,15,1,0,141,Inf,0
"642",30,100,15,1,0,142,Inf,0
"643",30,100,15,1,0,143,Inf,0
"644",30,100,15,1,0,144,Inf,0
"645",30,100,15,1,0,145,Inf,0
"646",30,100,15,1,0,146,Inf,0
"647",30,100,15,1,0,147,Inf,0
"648",30,100,15,1,0,148,Inf,0
"649",30,100,15,1,0,149,Inf,0
"650",30,100,15,1,0,150,Inf,0
"651",30,100,15,1,0,151,Inf,0
"652",30,100,15,1,0,152,Inf,0
"653",30,100,15,1,0,153,Inf,0
"654",30,100,15,1,0,154,Inf,0
"655",30,100,15,1,0,155,Inf,0
"656",30,100,15,1,0,156,Inf,0
"657",30,100,15,1,0,157,Inf,0
"658",30,100,15,1,0,158,Inf,0
"659",30,100,15,1,0,159,Inf,0
"660",30,100,15,1,0,160,Inf,0
"661",30,100,15,1,0,161,Inf,0
"662",30,100,15,1,0,162,Inf,0
"663",30,100,15,1,0,163,Inf,0
"664",30,100,15,1,0,164,Inf,0
"665",30,100,15,1,0,165,Inf,0
"666",30,100,15,1,0,166,Inf,0
"667",30,100,15,1,0,167,Inf,0
"668",30,100,15,1,0,168,Inf,0
"669",30,100,15,1,0,169,Inf,0
"670",30,100,15,1,0,170,Inf,0
"671",30,100,15,1,0,171,Inf,0
"672",30,100,15,1,0,172,Inf,0
"673",30,100,15,1,0,173,Inf,0
"674",30,100,15,1,0,174,Inf,0
"675",30,100,15,1,0,175,Inf,0
"676",30,100,15,1,0,176,Inf,0
"677",30,100,15,1,0,177,Inf,0
"678",30,100,15,1,0,178,Inf,0
"679",30,100,15,1,0,179,Inf,0
"680",30,100,15,1,0,180,Inf,0
"681",30,100,15,1,0,181,Inf,0
"682",30,100,15,1,0,182,Inf,0
"683",30,100,15,1,0,183,Inf,0
"684",30,100,15,1,0,184,Inf,0
"685",30,100,15,1,0,185,Inf,0
"686",30,100,15,1,0,186,Inf,0
"687",30,100,15,1,0,187,Inf,0
"688",30,100,15,1,0,188,Inf,0
"689",30,100,15,1,0,189,Inf,0
"690",30,100,15,1,0,190,Inf,0
"691",30,100,15,1,0,191,Inf,0
"692",30,100,15,1,0,192,Inf,0
"693",30,100,15,1,0,193,Inf,0
"694",30,100,15,1,0,194,Inf,0
"695",30,100,15,1,0,195,Inf,0
"696",30,100,15,1,0,196,Inf,0
"697",30,100,15,1,0,197,Inf,0
"698",30,100,15,1,0,198,Inf,0
"699",30,100,15,1,0,199,Inf,0
"700",30,100,15,1,0,200,Inf,0
"701",30,100,15,1,0,201,Inf,0
"702",30,100,15,1,0,202,Inf,0
"703",30,100,15,1,0,203,Inf,0
"704",30,100,15,1,0,204,Inf,0
"705",30,100,15,1,0,205,Inf,0
"706",30,100,15,1,0,206,Inf,0
"707",30,100,15,1,0,207,Inf,0
"708",30,100,15,1,0,208,Inf,0
"709",30,100,15,1,0,209,Inf,0
"710",30,100,15,1,0,210,Inf,0
"711",30,100,15,1,0,211,Inf,0
"712",30,100,15,1,0,212,Inf,0
"713",30,100,15,1,0,213,Inf,0
"714",30,100,15,1,0,214,Inf,0
"715",30,100,15,1,0,215,Inf,0
"716",30,100,15,1,0,216,Inf,0
"717",30,100,15,1,0,217,Inf,0
"718",30,100,15,1,0,218,Inf,0
"719",30,100,15,1,0,219,Inf,0
"720",30,100,15,1,0,220,Inf,0
"721",30,100,15,1,0,221,Inf,0
"722",30,100,15,1,0,222,Inf,0
"723",30,100,15,1,0,223,Inf,0
"724",30,100,15,1,0,224,Inf,0
"725",30,100,15,1,0,225,Inf,0
"726",30,100,15,1,0,226,Inf,0
"727",30,100,15,1,0,227,Inf,0
"728",30,100,15,1,0,228,Inf,0
"729",30,100,15,1,0,229,Inf,0
"730",30,100,15,1,0,230,Inf,0
"731",30,100,15,1,0,231,Inf,0
"732",30,100,15,1,0,232,Inf,0
"733",30,100,15,1,0,233,Inf,0
"734",30,100,15,1,0,234,Inf,0
"735",30,100,15,1,0,235,Inf,0
"736",30,100,15,1,0,236,Inf,0
"737",30,100,15,1,0,237,Inf,0
"738",30,100,15,1,0,238,Inf,0
"739",30,100,15,1,0,239,Inf,0
"740",30,100,15,1,0,240,Inf,0
"741",30,100,15,1,0,241,Inf,0
"742",30,100,15,1,0,242,Inf,0
"743",30,100,15,1,0,243,Inf,0
"744",30,100,15,1,0,244,Inf,0
"745",30,100,15,1,0,245,Inf,0
"746",30,100,15,1,0,246,Inf,0
"747",30,100,15,1,0,247,Inf,0
"748",30,100,15,1,0,248,Inf,0
"749",30,100,15,1,0,249,Inf,0
"750",30,100,15,1,0,250,Inf,0
"751",30,100,15,1000,0,1,0.1903221186786,0.11582514041106
"752",30,100,15,1000,0,2,0.010444907081762,0.975620266043703
"753",30,100,15,1000,0,3,0.00544504411555237,0.999974456791281
"754",30,100,15,1000,0,4,1.3654049945638e+32,0
"755",30,100,15,1000,0,5,2449.19011292181,2.58733889091367e-07
"756",30,100,15,1000,0,6,0.0106608397833259,0.996329146499962
"757",30,100,15,1000,0,7,0.0234478531789624,0.11982015365481
"758",30,100,15,1000,0,8,0.0683883547819959,0.896308404186051
"759",30,100,15,1000,0,9,0.00625788485622223,0.110003128805804
"760",30,100,15,1000,0,10,0.0245553189074005,0.979908872127348
"761",30,100,15,1000,0,11,0.00594447307805938,0.999997560219799
"762",30,100,15,1000,0,12,0.123815809184718,0.288760192496786
"763",30,100,15,1000,0,13,0.00551268006020103,0.99979395534997
"764",30,100,15,1000,0,14,2862351705582.36,0
"765",30,100,15,1000,0,15,305052291.171847,5.31052979368951e-12
"766",30,100,15,1000,0,16,1.06384495250192,0.0330190873893808
"767",30,100,15,1000,0,17,0.291275348023879,0.593235431248776
"768",30,100,15,1000,0,18,0.00662986124928434,0.998083116348411
"769",30,100,15,1000,0,19,1351.2225085999,2.21337818384626e-06
"770",30,100,15,1000,0,20,0.121287861593554,0.293500096630868
"771",30,100,15,1000,0,21,1.69152658384755,0.00579589180569828
"772",30,100,15,1000,0,22,0.0781923007504765,0.192837078281361
"773",30,100,15,1000,0,23,0.0059600663664757,0.99989567627933
"774",30,100,15,1000,0,24,214.977187469467,1.38553444847256e-05
"775",30,100,15,1000,0,25,244689219661.072,0
"776",30,100,15,1000,0,26,0.023671207882565,0.686347617372057
"777",30,100,15,1000,0,27,0.0302962962466776,0.778212288490383
"778",30,100,15,1000,0,28,0.00740551875572455,0.996790918333328
"779",30,100,15,1000,0,29,2787.99936289822,4.20232564302125e-08
"780",30,100,15,1000,0,30,0.0146862552349862,0.948313877181555
"781",30,100,15,1000,0,31,0.00838918683416991,0.974732254757351
"782",30,100,15,1000,0,32,0.0250985510600336,0.978536400166099
"783",30,100,15,1000,0,33,0.00456183965133091,0.999987347873686
"784",30,100,15,1000,0,34,847.303720130694,9.61229238767292e-05
"785",30,100,15,1000,0,35,0.609718052530953,0.206124858326109
"786",30,100,15,1000,0,36,4.57822849643814,0.00437356265072664
"787",30,100,15,1000,0,37,5.08533964271438,0.000863567364329798
"788",30,100,15,1000,0,38,0.0059169134737962,0.997539724012583
"789",30,100,15,1000,0,39,0.0482512361193658,0.549138341346874
"790",30,100,15,1000,0,40,0.0581022572469379,0.400641214470319
"791",30,100,15,1000,0,41,0.00219900730425122,0.117525125083519
"792",30,100,15,1000,0,42,0.0203755854634947,0.885632551601351
"793",30,100,15,1000,0,43,22435822.8800966,9.90155846203322e-10
"794",30,100,15,1000,0,44,0.0589211031937354,0.00892196968555736
"795",30,100,15,1000,0,45,0.0188056406318007,0.718421465239601
"796",30,100,15,1000,0,46,0.00580898614135156,0.999864737394768
"797",30,100,15,1000,0,47,0.00922250330416253,0.999743925646579
"798",30,100,15,1000,0,48,0.0100930126266279,0.979389373806421
"799",30,100,15,1000,0,49,0.0112945283215662,0.930036034688072
"800",30,100,15,1000,0,50,0.016085826527243,0.955071491762977
"801",30,100,15,1000,0,51,1.76509095896328,0.00960696444939968
"802",30,100,15,1000,0,52,0.0483597936459785,0.687188699453242
"803",30,100,15,1000,0,53,258.863326556565,0.000110278185601276
"804",30,100,15,1000,0,54,0.0104607007985061,0.921463220252009
"805",30,100,15,1000,0,55,0.0260537360871121,0.641373657751573
"806",30,100,15,1000,0,56,0.00402337360554799,0.999999848610999
"807",30,100,15,1000,0,57,0.0774184968531336,0.180513669755384
"808",30,100,15,1000,0,58,0.00750307506887267,0.999551558303589
"809",30,100,15,1000,0,59,9239.57123486984,5.04590103034275e-08
"810",30,100,15,1000,0,60,0.013793561730719,0.974005534912373
"811",30,100,15,1000,0,61,0.0054534076686549,0.99994672909109
"812",30,100,15,1000,0,62,0.0392313486577097,0.539977589458223
"813",30,100,15,1000,0,63,0.0150517304904957,0.963345227888463
"814",30,100,15,1000,0,64,0.0060130300198746,0.997754911425972
"815",30,100,15,1000,0,65,0.00884291864770833,0.989860225834805
"816",30,100,15,1000,0,66,0.12968481222816,0.407638521185113
"817",30,100,15,1000,0,67,0.237243873539833,0.0755633676842103
"818",30,100,15,1000,0,68,0.00666774151553589,0.999210137389818
"819",30,100,15,1000,0,69,0.0060354238787258,0.999741049845984
"820",30,100,15,1000,0,70,670.233636603828,2.81482210873207e-08
"821",30,100,15,1000,0,71,0.00558806436365522,0.290335454849477
"822",30,100,15,1000,0,72,5905.21122444216,2.76043619074073e-07
"823",30,100,15,1000,0,73,0.00801407515892498,0.999831119690418
"824",30,100,15,1000,0,74,128.632002005568,1.83218792138007e-07
"825",30,100,15,1000,0,75,82098.9295830046,1.19562266975848e-07
"826",30,100,15,1000,0,76,0.260611992009076,0.127507550813676
"827",30,100,15,1000,0,77,0.0040874831889275,0.258917301359723
"828",30,100,15,1000,0,78,18090074207.1473,0
"829",30,100,15,1000,0,79,0.0216353759185749,0.98097609194934
"830",30,100,15,1000,0,80,0.19277498007806,0.175419863874276
"831",30,100,15,1000,0,81,0.457121113540643,0.0460211250592708
"832",30,100,15,1000,0,82,0.00641890518638103,0.998340394625245
"833",30,100,15,1000,0,83,0.0280337187579981,0.906977757640595
"834",30,100,15,1000,0,84,0.00731742282574682,0.999011835204227
"835",30,100,15,1000,0,85,0.0119715136777674,0.99921047839089
"836",30,100,15,1000,0,86,0.0538426543055074,0.0167292511251269
"837",30,100,15,1000,0,87,0.00556947055140487,0.0423178960667216
"838",30,100,15,1000,0,88,1.38665505356244,0.00375152997251404
"839",30,100,15,1000,0,89,0.012722299403093,0.944470928864294
"840",30,100,15,1000,0,90,0.00179115957001291,0.995623851057073
"841",30,100,15,1000,0,91,660413630.203039,1.62569957495862e-12
"842",30,100,15,1000,0,92,0.00687115954049715,0.998348088267632
"843",30,100,15,1000,0,93,0.0106580260199929,0.963262258747501
"844",30,100,15,1000,0,94,0.0154871211192053,0.906600130826776
"845",30,100,15,1000,0,95,0.111360145991422,0.117845848599919
"846",30,100,15,1000,0,96,1.12894843171658,0.00814647544981084
"847",30,100,15,1000,0,97,0.00616196181749628,0.999809578586729
"848",30,100,15,1000,0,98,0.00613300932035173,0.99992280673464
"849",30,100,15,1000,0,99,3138.04239328162,1.38569753724838e-05
"850",30,100,15,1000,0,100,0.0617721763034606,0.00304037910901434
"851",30,100,15,1000,0,101,140916.90109208,2.41645592424788e-11
"852",30,100,15,1000,0,102,0.00945573845690648,0.99169393592336
"853",30,100,15,1000,0,103,0.00240954412084593,0.822167371640293
"854",30,100,15,1000,0,104,0.00565172219455532,0.999766750960208
"855",30,100,15,1000,0,105,0.00461614449081967,0.999996711406136
"856",30,100,15,1000,0,106,0.0274403330871994,0.793696935264584
"857",30,100,15,1000,0,107,0.00550047979928719,0.998885468452003
"858",30,100,15,1000,0,108,417876045.780122,6.66133814775094e-16
"859",30,100,15,1000,0,109,0.0149133303270023,0.960812959309013
"860",30,100,15,1000,0,110,0.0378962899432988,0.41753976175247
"861",30,100,15,1000,0,111,0.0131444634958614,0.994617973472938
"862",30,100,15,1000,0,112,12.1936620612921,0.00175423288976306
"863",30,100,15,1000,0,113,1.39343800677258,0.00687450294681524
"864",30,100,15,1000,0,114,0.00888577917914928,0.998089448920351
"865",30,100,15,1000,0,115,0.0108505190793225,0.983744924069212
"866",30,100,15,1000,0,116,0.00632089008835887,0.999349147519969
"867",30,100,15,1000,0,117,0.00043795061993987,0.95220333108902
"868",30,100,15,1000,0,118,0.00763749844182321,0.9897982298516
"869",30,100,15,1000,0,119,0.0286067556955694,0.933737554609262
"870",30,100,15,1000,0,120,0.00755548422369413,0.993778331619928
"871",30,100,15,1000,0,121,5.71238391533521,0.00457418087949146
"872",30,100,15,1000,0,122,0.177689007944794,0.172305660160422
"873",30,100,15,1000,0,123,0.00588940826457886,0.999508058558602
"874",30,100,15,1000,0,124,0.00830754640866937,0.997217894908406
"875",30,100,15,1000,0,125,0.00702965225931231,0.999726306892244
"876",30,100,15,1000,0,126,0.00485078258143135,0.999997314432513
"877",30,100,15,1000,0,127,0.00575161973205168,0.999973581139538
"878",30,100,15,1000,0,128,1243085.23288788,2.4869106773906e-11
"879",30,100,15,1000,0,129,0.0198561381678297,0.0184914750550488
"880",30,100,15,1000,0,130,0.00747842957452358,0.988032122036226
"881",30,100,15,1000,0,131,5726032.16698318,2.65787392095262e-11
"882",30,100,15,1000,0,132,9.41980967265984,0.000606909626870822
"883",30,100,15,1000,0,133,0.0232682752632842,0.928822425244587
"884",30,100,15,1000,0,134,0.0301058551618503,0.654623317318466
"885",30,100,15,1000,0,135,0.00409084091328741,0.999999766476843
"886",30,100,15,1000,0,136,1038.2620056699,1.50171516599684e-06
"887",30,100,15,1000,0,137,1.72970623559982,0.00388768880835211
"888",30,100,15,1000,0,138,26.5994819918603,1.61486180109138e-05
"889",30,100,15,1000,0,139,0.00945334183392179,0.992515774883478
"890",30,100,15,1000,0,140,0.0300672136308588,0.984320418806218
"891",30,100,15,1000,0,141,0.00449429155347331,0.999997954051419
"892",30,100,15,1000,0,142,0.0376503124871153,0.59958347412127
"893",30,100,15,1000,0,143,0.00295297905189612,0.691306148050492
"894",30,100,15,1000,0,144,43.9778402105291,8.72363619206507e-05
"895",30,100,15,1000,0,145,0.0403745296371875,0.0116070928500196
"896",30,100,15,1000,0,146,0.0484427460936958,0.826761801471666
"897",30,100,15,1000,0,147,0.0061840540407781,0.999534329608122
"898",30,100,15,1000,0,148,0.00827335979464827,0.99682404768718
"899",30,100,15,1000,0,149,0.000353843240623456,0.524080264435121
"900",30,100,15,1000,0,150,0.0355645898758612,0.849643117081007
"901",30,100,15,1000,0,151,451.95019179083,9.63413441246175e-08
"902",30,100,15,1000,0,152,0.00662255043726648,0.99971641074726
"903",30,100,15,1000,0,153,0.00672608905292417,0.999205699498633
"904",30,100,15,1000,0,154,0.0074028332050137,0.991620843173763
"905",30,100,15,1000,0,155,0.00514043489452573,0.999969220482545
"906",30,100,15,1000,0,156,0.00195543831813984,0.267592392438775
"907",30,100,15,1000,0,157,764601.78152777,2.41087150243402e-11
"908",30,100,15,1000,0,158,0.00587231126798377,0.999865593748411
"909",30,100,15,1000,0,159,0.0100392329373574,0.984311635266481
"910",30,100,15,1000,0,160,0.010055898311905,0.995335459393533
"911",30,100,15,1000,0,161,0.0081981111567714,0.996332166743961
"912",30,100,15,1000,0,162,0.0168566537449003,0.982599873293945
"913",30,100,15,1000,0,163,0.0063532878592276,0.998937875039887
"914",30,100,15,1000,0,164,0.00982716658458874,0.897858535379893
"915",30,100,15,1000,0,165,0.00205972142865909,0.432461632681967
"916",30,100,15,1000,0,166,0.0075525489826647,0.997664317790052
"917",30,100,15,1000,0,167,2.01407656679686e+25,0
"918",30,100,15,1000,0,168,0.0255736066714416,0.917610366866286
"919",30,100,15,1000,0,169,0.0384252575272018,0.749081962413953
"920",30,100,15,1000,0,170,0.0789911658148738,0.0158501803435289
"921",30,100,15,1000,0,171,572.401277466977,2.73687778483689e-05
"922",30,100,15,1000,0,172,0.0314250901925932,0.77408081787429
"923",30,100,15,1000,0,173,1318155.25920326,1.58009272333004e-10
"924",30,100,15,1000,0,174,0.0130908846281033,0.991003024674295
"925",30,100,15,1000,0,175,0.127964735911737,0.35267055081375
"926",30,100,15,1000,0,176,0.0312271048326923,0.0148665641130512
"927",30,100,15,1000,0,177,0.0228845945235661,0.523395191848852
"928",30,100,15,1000,0,178,0.0114063534072864,0.988925298335629
"929",30,100,15,1000,0,179,2.83497201676814,9.98427072530506e-05
"930",30,100,15,1000,0,180,0.0134615742811806,0.970072821797138
"931",30,100,15,1000,0,181,0.00872403843530741,0.993330572279177
"932",30,100,15,1000,0,182,0.00715411655080528,0.999929354908062
"933",30,100,15,1000,0,183,31.19245343053,2.038507175528e-05
"934",30,100,15,1000,0,184,49.6516293371182,0.000391287960755715
"935",30,100,15,1000,0,185,0.12737390011059,0.50731106276746
"936",30,100,15,1000,0,186,0.00747072070709597,0.997452559365395
"937",30,100,15,1000,0,187,0.119460162689808,0.33949333428391
"938",30,100,15,1000,0,188,0.00552960602878636,0.999656010486241
"939",30,100,15,1000,0,189,0.000142480994807003,0.965177362028219
"940",30,100,15,1000,0,190,0.00712769512149322,0.998663318332907
"941",30,100,15,1000,0,191,1.61606474303255,0.000606876980230986
"942",30,100,15,1000,0,192,0.00536622533476533,0.999874566178955
"943",30,100,15,1000,0,193,0.00441470974196847,0.999995987435192
"944",30,100,15,1000,0,194,11528238560.4667,0
"945",30,100,15,1000,0,195,0.205998985795712,0.0720137892729671
"946",30,100,15,1000,0,196,0.0112297680619132,0.954713548105001
"947",30,100,15,1000,0,197,0.108151592632733,0.408692714931597
"948",30,100,15,1000,0,198,0.00554257294104295,0.999943934240248
"949",30,100,15,1000,0,199,0.00490250989588145,0.999971264898749
"950",30,100,15,1000,0,200,0.00455172535502607,0.999996945417788
"951",30,100,15,1000,0,201,0.00457590582758939,0.999908622544101
"952",30,100,15,1000,0,202,0.0174448130949341,0.959507700745313
"953",30,100,15,1000,0,203,25072.6290652407,1.65839333376994e-08
"954",30,100,15,1000,0,204,55983004.6541715,1.1106876307565e-08
"955",30,100,15,1000,0,205,0.00800658240805844,0.999671817243633
"956",30,100,15,1000,0,206,0.00473451033087832,0.999963683779123
"957",30,100,15,1000,0,207,0.0181582418472402,0.757871720045528
"958",30,100,15,1000,0,208,0.0713252438058923,0.101190119483439
"959",30,100,15,1000,0,209,0.00939139234145976,0.989118546048138
"960",30,100,15,1000,0,210,0.416791280773809,0.0404683173738609
"961",30,100,15,1000,0,211,0.11147475346826,0.0011526626711561
"962",30,100,15,1000,0,212,0.00696673714388354,0.998877582082908
"963",30,100,15,1000,0,213,0.00748597431886362,0.994022988382212
"964",30,100,15,1000,0,214,87043.4985734827,2.6820968779262e-09
"965",30,100,15,1000,0,215,0.0120782957643451,0.968742903106247
"966",30,100,15,1000,0,216,0.55918046481412,0.283704152043839
"967",30,100,15,1000,0,217,0.00602428563384757,0.999598053719475
"968",30,100,15,1000,0,218,0.0142101059547908,0.829970767409134
"969",30,100,15,1000,0,219,537149.32300075,5.64966962102176e-11
"970",30,100,15,1000,0,220,0.032792718909999,0.445627377512512
"971",30,100,15,1000,0,221,0.00393958603045891,0.999998282695925
"972",30,100,15,1000,0,222,0.00577731932444013,0.99941528357851
"973",30,100,15,1000,0,223,0.00645977766654777,0.999761528827058
"974",30,100,15,1000,0,224,0.00720737038580589,0.999797067335104
"975",30,100,15,1000,0,225,0.00725599326894802,0.999192605893023
"976",30,100,15,1000,0,226,0.0123778990153609,0.994928138887244
"977",30,100,15,1000,0,227,14.0657890567158,2.25245586726874e-05
"978",30,100,15,1000,0,228,0.0121518035037664,0.0263727045227788
"979",30,100,15,1000,0,229,0.0126737765772687,0.982038958666307
"980",30,100,15,1000,0,230,0.0829239840949785,0.303723334250619
"981",30,100,15,1000,0,231,0.0191378860029196,0.867166546908365
"982",30,100,15,1000,0,232,0.0163763159101046,0.922335434048259
"983",30,100,15,1000,0,233,0.0168872984573932,0.39833241016255
"984",30,100,15,1000,0,234,0.0080369872434068,0.992874623552294
"985",30,100,15,1000,0,235,0.0226264458229544,0.80489145905684
"986",30,100,15,1000,0,236,0.000518812210063603,0.994264339907243
"987",30,100,15,1000,0,237,13.2004847522007,0.000214664574179069
"988",30,100,15,1000,0,238,688.27824344537,8.49050333373569e-08
"989",30,100,15,1000,0,239,0.00774786971282958,0.999027823669218
"990",30,100,15,1000,0,240,0.00698744250563671,0.999692044780742
"991",30,100,15,1000,0,241,0.412571268028055,0.00124367063153719
"992",30,100,15,1000,0,242,0.122831686567018,0.00161528561156188
"993",30,100,15,1000,0,243,0.00824159663694814,0.981962558968319
"994",30,100,15,1000,0,244,0.0107959207616559,0.899252369221068
"995",30,100,15,1000,0,245,0.139189923557997,0.0267731635280559
"996",30,100,15,1000,0,246,129186.010707284,7.63793051028472e-08
"997",30,100,15,1000,0,247,0.0376132758349711,0.849716128833626
"998",30,100,15,1000,0,248,0.0676234112891536,0.29337157134891
"999",30,100,15,1000,0,249,0.0188288733793604,0.821237781947165
"1000",30,100,15,1000,0,250,0.0115789399801058,0.0813246827568901
