"","Subj_idx","Accuracy","Response","Confidence"
"1",1,1,1,3
"2",1,1,1,4
"3",1,1,1,4
"4",1,0,1,3
"5",1,1,1,3
"6",1,0,1,1
"7",1,0,1,2
"8",1,1,1,4
"9",1,1,1,3
"10",1,1,0,4
"11",1,1,0,4
"12",1,1,0,4
"13",1,1,1,3
"14",1,0,1,3
"15",1,1,1,4
"16",1,1,0,4
"17",1,1,0,4
"18",1,1,1,4
"19",1,1,1,2
"20",1,1,1,3
"21",1,1,0,4
"22",1,1,1,4
"23",1,1,0,4
"24",1,1,0,4
"25",1,1,0,4
"26",1,1,0,4
"27",1,1,0,4
"28",1,1,1,4
"29",1,1,1,2
"30",1,1,0,3
"31",1,1,0,4
"32",1,1,1,4
"33",1,1,1,3
"34",1,1,1,4
"35",2,1,1,4
"36",2,1,1,3
"37",2,1,1,2
"38",2,0,1,3
"39",2,1,0,3
"40",2,1,1,2
"41",2,1,1,2
"42",2,1,0,3
"43",2,1,1,2
"44",2,0,1,3
"45",2,1,1,4
"46",2,1,1,2
"47",2,1,0,2
"48",2,1,0,2
"49",2,0,1,2
"50",2,1,0,2
"51",2,0,0,2
"52",2,1,0,1
"53",2,0,1,3
"54",2,1,0,2
"55",2,1,1,3
"56",2,1,0,4
"57",2,1,0,2
"58",2,1,1,3
"59",2,1,1,3
"60",2,1,1,4
"61",2,1,1,3
"62",2,0,1,3
"63",2,1,0,3
"64",2,1,0,3
"65",2,1,0,2
"66",2,0,1,3
"67",2,1,1,4
"68",2,1,1,2
"69",3,1,1,4
"70",3,1,1,4
"71",3,1,0,4
"72",3,0,1,4
"73",3,1,1,4
"74",3,1,0,4
"75",3,1,1,2
"76",3,1,1,2
"77",3,0,1,2
"78",3,1,1,4
"79",3,1,0,4
"80",3,1,0,2
"81",3,1,1,2
"82",3,1,1,2
"83",3,0,1,2
"84",3,1,1,4
"85",3,1,1,2
"86",3,1,0,4
"87",3,1,0,3
"88",3,1,1,4
"89",3,0,1,1
"90",3,1,1,2
"91",3,0,0,2
"92",3,1,1,2
"93",3,1,1,2
"94",3,1,0,4
"95",3,1,1,2
"96",3,1,0,4
"97",3,1,1,3
"98",3,1,0,3
"99",3,1,0,2
"100",3,1,0,4
"101",3,1,1,2
"102",3,1,1,4
"103",3,0,1,2
"104",3,1,0,4
"105",3,1,0,4
"106",3,1,1,2
"107",4,0,1,3
"108",4,1,0,3
"109",4,0,1,3
"110",4,1,1,2
"111",4,0,0,2
"112",4,1,0,2
"113",4,1,1,3
"114",4,1,1,4
"115",4,1,1,4
"116",4,1,1,4
"117",4,1,0,2
"118",4,1,0,2
"119",4,1,1,3
"120",4,0,1,1
"121",4,1,0,4
"122",4,1,1,2
"123",4,1,1,3
"124",4,0,0,2
"125",4,0,0,1
"126",4,1,0,2
"127",4,0,1,3
"128",4,1,1,4
"129",4,1,1,4
"130",4,0,0,2
"131",4,1,0,2
"132",4,1,0,4
"133",4,1,0,3
"134",4,1,0,2
"135",4,1,1,4
"136",4,1,0,2
"137",4,1,0,1
"138",4,1,1,4
"139",4,1,1,4
"140",4,1,0,4
"141",4,1,1,2
"142",4,1,0,3
"143",5,0,1,4
"144",5,1,0,3
"145",5,0,1,3
"146",5,0,1,3
"147",5,1,1,4
"148",5,1,0,2
"149",5,1,0,4
"150",5,1,1,2
"151",5,0,0,4
"152",5,0,0,4
"153",5,1,1,3
"154",5,0,1,3
"155",5,0,0,1
"156",5,1,0,4
"157",5,1,1,4
"158",5,1,1,4
"159",5,0,0,2
"160",5,1,0,4
"161",5,1,1,3
"162",5,1,1,4
"163",5,1,0,2
"164",5,1,1,4
"165",5,1,1,4
"166",5,1,1,2
"167",5,1,0,1
"168",5,0,1,2
"169",5,1,0,4
"170",5,1,1,2
"171",5,1,1,3
"172",5,1,0,4
"173",5,0,0,3
"174",5,0,0,1
"175",5,0,1,2
"176",5,1,0,4
"177",5,1,0,4
"178",5,1,0,2
"179",5,1,1,4
"180",5,1,1,2
"181",6,0,1,2
"182",6,0,0,1
"183",6,1,1,4
"184",6,1,1,3
"185",6,1,0,1
"186",6,1,1,4
"187",6,1,0,4
"188",6,1,1,3
"189",6,1,0,1
"190",6,1,0,4
"191",6,1,1,2
"192",6,1,0,4
"193",6,1,0,2
"194",6,0,0,3
"195",6,1,1,3
"196",6,1,0,4
"197",6,0,0,3
"198",6,0,0,2
"199",6,1,0,2
"200",6,0,0,2
"201",6,1,1,2
"202",6,1,1,2
"203",6,1,0,3
"204",6,0,0,2
"205",6,1,0,4
"206",6,1,0,4
"207",6,0,1,1
"208",6,1,0,2
"209",6,1,0,2
"210",6,1,0,4
"211",7,1,1,3
"212",7,1,0,1
"213",7,1,1,2
"214",7,0,0,1
"215",7,1,1,1
"216",7,1,0,3
"217",7,1,0,4
"218",7,0,1,2
"219",7,1,0,4
"220",7,1,1,2
"221",7,0,0,1
"222",7,1,1,2
"223",7,1,0,3
"224",7,1,1,4
"225",7,1,0,4
"226",7,1,0,4
"227",7,1,1,2
"228",7,0,1,2
"229",7,1,0,4
"230",7,0,0,2
"231",7,1,1,2
"232",7,1,1,4
"233",7,0,1,2
"234",7,1,1,1
"235",7,0,0,3
"236",7,1,1,2
"237",7,0,1,2
"238",7,0,1,2
"239",7,1,0,2
"240",7,1,0,2
"241",7,0,1,2
"242",8,1,0,3
"243",8,1,0,4
"244",8,1,1,4
"245",8,1,1,4
"246",8,1,1,4
"247",8,1,1,3
"248",8,1,0,4
"249",8,1,1,2
"250",8,1,1,4
"251",8,1,0,4
"252",8,1,0,4
"253",8,1,1,3
"254",8,1,0,4
"255",8,1,0,4
"256",8,1,1,3
"257",8,1,1,4
"258",8,1,1,4
"259",8,1,0,4
"260",8,1,0,4
"261",8,1,1,2
"262",8,1,0,4
"263",8,1,1,4
"264",8,0,0,2
"265",8,1,0,4
"266",8,1,1,3
"267",8,1,1,3
"268",8,1,1,3
"269",8,1,0,4
"270",8,1,0,4
"271",8,1,0,4
"272",8,1,0,4
"273",8,1,1,4
"274",8,0,1,2
"275",8,1,0,2
"276",8,1,1,3
"277",8,1,0,4
"278",9,1,1,3
"279",9,0,1,2
"280",9,1,1,2
"281",9,0,1,3
"282",9,1,1,4
"283",9,1,1,3
"284",9,1,0,4
"285",9,1,1,4
"286",9,0,1,3
"287",9,1,1,3
"288",9,1,1,4
"289",9,1,0,3
"290",9,1,1,3
"291",9,1,0,3
"292",9,1,0,3
"293",9,1,0,4
"294",9,1,1,4
"295",9,1,1,3
"296",9,1,1,4
"297",9,1,0,4
"298",9,1,1,4
"299",9,1,0,3
"300",9,1,0,4
"301",9,1,1,3
"302",9,1,0,3
"303",9,1,0,4
"304",9,1,1,4
"305",9,1,1,4
"306",9,1,1,4
"307",9,1,0,4
"308",9,1,0,4
"309",9,1,0,4
"310",9,0,0,3
"311",9,1,1,4
"312",9,1,1,3
"313",9,0,1,2
"314",9,1,0,4
"315",9,1,0,3
"316",10,1,1,3
"317",10,0,1,3
"318",10,1,0,4
"319",10,1,1,3
"320",10,1,1,4
"321",10,1,1,4
"322",10,1,0,2
"323",10,1,1,3
"324",10,1,0,4
"325",10,0,1,3
"326",10,1,0,4
"327",10,1,1,4
"328",10,1,1,3
"329",10,1,0,3
"330",10,1,1,4
"331",10,1,0,4
"332",10,1,0,4
"333",10,1,1,4
"334",10,1,1,4
"335",10,1,1,4
"336",10,1,0,4
"337",10,1,0,2
"338",10,1,1,3
"339",10,1,1,3
"340",10,1,1,3
"341",10,1,0,2
"342",10,1,1,4
"343",10,1,1,2
"344",10,1,1,4
"345",11,1,1,4
"346",11,1,1,2
"347",11,1,0,2
"348",11,1,0,1
"349",11,1,0,2
"350",11,1,1,4
"351",11,1,0,3
"352",11,1,0,1
"353",11,0,0,2
"354",11,0,0,1
"355",11,0,0,2
"356",11,1,1,1
"357",11,1,1,4
"358",11,0,0,2
"359",11,1,1,1
"360",11,0,0,1
"361",11,1,1,4
"362",11,1,0,1
"363",11,1,0,2
"364",11,1,1,2
"365",11,1,0,2
"366",11,1,0,4
"367",11,0,1,2
"368",11,0,1,3
"369",11,1,1,2
"370",11,1,0,3
"371",11,1,1,3
"372",11,1,0,4
"373",11,1,0,3
"374",11,1,0,2
"375",11,0,0,3
"376",11,1,1,4
"377",11,1,0,3
"378",11,0,1,3
"379",11,1,1,4
"380",11,1,1,4
"381",12,1,0,4
"382",12,1,1,4
"383",12,1,0,1
"384",12,1,1,4
"385",12,1,0,4
"386",12,1,1,1
"387",12,1,1,4
"388",12,0,1,1
"389",12,1,0,1
"390",12,0,1,1
"391",12,1,0,2
"392",12,0,1,2
"393",12,1,0,3
"394",12,1,0,1
"395",12,1,1,2
"396",12,1,1,3
"397",12,1,1,4
"398",12,1,1,1
"399",12,1,0,1
"400",12,1,1,1
"401",12,1,1,1
"402",12,1,1,4
"403",12,1,1,1
"404",12,1,0,1
"405",12,1,1,3
"406",12,1,0,1
"407",12,1,0,2
"408",12,1,1,4
"409",12,1,0,2
"410",12,0,0,4
"411",12,0,0,1
"412",12,1,1,4
"413",12,1,0,4
"414",12,1,0,3
"415",12,1,0,4
"416",12,0,0,1
"417",12,1,1,1
"418",12,1,0,4
"419",13,1,1,3
"420",13,0,1,4
"421",13,1,1,3
"422",13,0,1,2
"423",13,1,1,3
"424",13,1,0,2
"425",13,0,1,3
"426",13,0,1,4
"427",13,1,0,2
"428",13,0,1,4
"429",13,1,1,4
"430",13,0,1,4
"431",13,0,1,4
"432",13,1,1,4
"433",13,1,1,3
"434",13,1,1,3
"435",13,1,0,2
"436",13,1,1,4
"437",13,1,1,4
"438",13,1,1,3
"439",13,0,1,4
"440",13,1,1,2
"441",13,1,0,2
"442",13,0,1,3
"443",13,0,1,3
"444",13,1,0,2
"445",13,1,1,4
"446",13,1,1,4
"447",13,1,1,4
"448",13,1,1,4
"449",13,1,0,4
"450",13,1,1,4
"451",13,1,1,2
"452",13,1,0,2
"453",13,1,1,4
"454",13,1,0,3
"455",13,1,0,2
"456",14,1,1,4
"457",14,1,1,3
"458",14,1,0,3
"459",14,1,0,4
"460",14,0,1,3
"461",14,1,0,4
"462",14,1,0,4
"463",14,1,0,4
"464",14,1,1,3
"465",14,1,1,4
"466",14,1,0,4
"467",14,1,1,3
"468",14,1,0,4
"469",14,1,0,4
"470",14,1,0,4
"471",14,1,1,4
"472",14,1,0,4
"473",14,1,0,4
"474",14,1,1,3
"475",14,1,1,3
"476",14,1,1,3
"477",14,1,1,4
"478",14,1,1,3
"479",14,1,0,4
"480",14,0,1,4
"481",14,1,1,4
"482",14,1,0,4
"483",14,0,1,3
"484",14,1,1,3
"485",14,1,1,3
"486",14,0,1,3
"487",14,1,0,2
"488",14,1,0,4
"489",15,1,0,1
"490",15,0,0,1
"491",15,0,1,3
"492",15,1,1,4
"493",15,1,0,1
"494",15,1,1,4
"495",15,1,0,2
"496",15,1,1,4
"497",15,0,0,2
"498",15,1,0,1
"499",15,1,1,2
"500",15,1,0,1
"501",15,0,1,3
"502",15,1,1,2
"503",15,0,1,2
"504",15,0,1,4
"505",15,0,0,1
"506",15,0,0,1
"507",15,1,1,3
"508",15,1,0,2
"509",15,0,1,3
"510",15,1,1,2
"511",15,0,0,1
"512",15,0,1,4
"513",15,1,0,1
"514",15,1,0,4
"515",15,1,0,3
"516",15,1,1,4
"517",15,1,0,2
"518",15,1,0,2
"519",15,0,0,1
"520",15,0,0,4
"521",15,1,0,1
"522",15,1,1,2
"523",15,0,0,1
"524",15,0,1,4
"525",16,0,1,4
"526",16,0,1,4
"527",16,1,1,4
"528",16,1,1,1
"529",16,0,1,1
"530",16,1,0,4
"531",16,1,1,4
"532",16,1,0,1
"533",16,0,0,1
"534",16,1,1,1
"535",16,1,1,4
"536",16,1,1,1
"537",16,0,1,1
"538",16,0,0,1
"539",16,1,0,4
"540",16,1,0,4
"541",16,1,1,1
"542",16,1,0,1
"543",16,1,0,4
"544",16,1,0,4
"545",16,0,0,4
"546",16,1,0,4
"547",16,1,1,1
"548",16,0,0,1
"549",16,1,0,4
"550",16,1,0,4
"551",16,1,0,4
"552",16,0,0,1
"553",16,1,0,4
"554",16,1,0,1
"555",16,1,1,1
"556",17,1,1,2
"557",17,1,1,1
"558",17,0,0,4
"559",17,1,0,4
"560",17,1,0,3
"561",17,1,1,4
"562",17,1,1,4
"563",17,1,0,4
"564",17,1,0,4
"565",17,0,1,3
"566",17,1,1,4
"567",17,1,1,2
"568",17,0,1,4
"569",17,1,1,1
"570",17,1,0,4
"571",17,1,1,2
"572",17,1,0,4
"573",17,0,1,1
"574",17,1,1,3
"575",17,1,0,2
"576",17,1,1,4
"577",17,1,0,4
"578",17,1,0,4
"579",17,0,1,3
"580",17,1,1,2
"581",17,0,1,3
"582",17,1,1,4
"583",17,1,1,3
"584",17,1,1,4
"585",17,1,1,3
"586",17,1,0,2
"587",17,1,1,4
"588",17,0,0,1
"589",17,1,0,4
"590",17,1,0,1
"591",17,0,1,4
"592",17,1,1,4
"593",17,1,0,4
"594",18,1,1,4
"595",18,1,1,4
"596",18,1,1,4
"597",18,1,1,3
"598",18,1,0,3
"599",18,1,1,3
"600",18,0,1,2
"601",18,1,0,4
"602",18,1,0,4
"603",18,1,0,4
"604",18,1,1,3
"605",18,0,1,2
"606",18,1,1,4
"607",18,1,1,3
"608",18,1,1,4
"609",18,0,0,3
"610",18,1,0,4
"611",18,1,1,4
"612",18,1,0,3
"613",18,1,0,3
"614",18,1,1,4
"615",18,1,0,4
"616",18,1,1,3
"617",18,1,0,4
"618",18,1,1,4
"619",18,1,1,4
"620",18,1,0,4
"621",18,1,0,4
"622",18,1,0,4
"623",19,1,1,4
"624",19,1,0,3
"625",19,1,1,4
"626",19,1,0,2
"627",19,0,0,3
"628",19,1,0,3
"629",19,1,1,2
"630",19,1,1,4
"631",19,0,0,2
"632",19,1,1,4
"633",19,1,1,2
"634",19,1,0,2
"635",19,1,0,4
"636",19,1,0,4
"637",19,1,1,4
"638",19,1,0,4
"639",19,1,0,4
"640",19,1,0,3
"641",19,1,1,4
"642",19,1,1,4
"643",19,1,1,2
"644",19,1,0,2
"645",19,1,1,3
"646",19,0,1,2
"647",19,1,0,4
"648",19,1,0,4
"649",19,1,0,4
"650",19,0,0,2
"651",19,1,1,2
"652",19,1,0,3
"653",19,1,0,3
"654",19,1,1,3
"655",19,1,0,2
"656",19,1,1,3
"657",19,1,1,2
"658",19,1,0,2
"659",19,1,0,2
"660",19,1,1,3
"661",19,0,0,2
"662",20,1,1,4
"663",20,0,1,4
"664",20,1,1,3
"665",20,0,1,2
"666",20,1,0,2
"667",20,0,1,2
"668",20,1,0,2
"669",20,1,1,4
"670",20,1,1,3
"671",20,1,1,4
"672",20,1,1,4
"673",20,1,0,2
"674",20,1,1,4
"675",20,1,1,4
"676",20,1,1,4
"677",20,1,1,4
"678",20,1,1,3
"679",20,1,1,2
"680",20,0,1,2
"681",20,0,1,3
"682",20,1,0,2
"683",20,1,0,4
"684",20,1,0,4
"685",20,1,1,3
"686",20,1,0,3
"687",20,1,0,4
"688",20,1,0,4
"689",20,1,0,4
"690",20,1,0,3
"691",20,1,1,4
"692",20,1,0,4
"693",20,1,1,4
"694",20,1,1,4
"695",20,1,1,3
"696",20,1,1,4
"697",20,1,1,3
"698",20,0,1,3
"699",20,1,1,3
"700",21,1,0,4
"701",21,0,1,3
"702",21,1,1,1
"703",21,0,1,3
"704",21,0,1,3
"705",21,0,1,1
"706",21,0,0,1
"707",21,1,0,4
"708",21,1,1,4
"709",21,1,1,3
"710",21,1,0,4
"711",21,0,0,4
"712",21,1,0,4
"713",21,0,0,4
"714",21,1,0,4
"715",21,1,1,4
"716",21,0,1,2
"717",21,1,0,4
"718",21,1,1,3
"719",21,1,1,4
"720",21,1,0,4
"721",21,1,0,4
"722",21,1,1,2
"723",21,1,0,2
"724",21,0,0,3
"725",21,1,1,2
"726",21,0,0,4
"727",21,0,0,3
"728",21,0,1,4
"729",21,1,1,4
"730",21,1,1,3
"731",21,0,0,3
"732",22,1,1,4
"733",22,1,1,4
"734",22,0,1,3
"735",22,1,1,4
"736",22,1,1,3
"737",22,0,1,2
"738",22,1,1,2
"739",22,0,1,2
"740",22,1,1,2
"741",22,1,1,2
"742",22,1,1,4
"743",22,1,1,4
"744",22,1,0,2
"745",22,1,0,2
"746",22,1,0,4
"747",22,0,0,3
"748",22,1,1,4
"749",22,1,1,2
"750",22,0,1,2
"751",22,1,1,2
"752",22,1,1,4
"753",22,0,1,1
"754",22,0,1,1
"755",22,1,1,2
"756",22,1,0,2
"757",22,1,1,1
"758",22,1,0,4
"759",22,1,0,2
"760",22,1,0,2
"761",22,1,0,4
"762",22,1,1,2
"763",22,1,0,4
"764",22,1,1,2
"765",22,1,0,2
"766",22,0,1,2
"767",22,0,1,1
"768",22,1,0,2
"769",23,1,1,3
"770",23,1,0,2
"771",23,1,0,3
"772",23,0,1,3
"773",23,1,1,4
"774",23,1,1,3
"775",23,1,1,3
"776",23,1,1,4
"777",23,1,1,4
"778",23,0,1,4
"779",23,1,1,3
"780",23,1,1,4
"781",23,1,1,2
"782",23,1,0,2
"783",23,1,0,1
"784",23,0,1,1
"785",23,1,1,3
"786",23,0,1,1
"787",23,1,1,3
"788",23,0,1,2
"789",23,0,1,2
"790",23,0,1,2
"791",23,0,1,4
"792",23,1,1,1
"793",23,1,1,2
"794",23,0,0,2
"795",23,0,1,2
"796",23,1,1,2
"797",23,1,1,3
"798",23,0,1,2
"799",23,1,1,2
"800",23,0,1,4
"801",24,1,1,2
"802",24,1,0,2
"803",24,1,0,3
"804",24,0,1,2
"805",24,0,0,3
"806",24,1,0,3
"807",24,1,0,2
"808",24,0,0,3
"809",24,1,1,2
"810",24,0,1,2
"811",24,1,1,2
"812",24,1,1,3
"813",24,1,0,3
"814",24,1,0,4
"815",24,1,0,4
"816",24,0,1,2
"817",24,1,1,3
"818",24,1,1,3
"819",24,1,1,2
"820",24,1,1,2
"821",24,1,1,2
"822",24,1,0,3
"823",24,1,1,3
"824",24,1,0,2
"825",24,0,1,2
"826",24,1,0,3
"827",24,1,1,4
"828",24,1,0,3
"829",24,0,1,2
"830",24,1,0,3
"831",24,1,1,3
"832",24,1,1,2
"833",24,1,1,2
"834",24,1,1,1
"835",24,1,1,3
"836",24,1,0,3
"837",25,1,0,3
"838",25,0,1,4
"839",25,1,1,4
"840",25,1,1,3
"841",25,0,0,2
"842",25,1,0,3
"843",25,0,0,4
"844",25,0,0,4
"845",25,1,0,4
"846",25,1,0,2
"847",25,1,0,4
"848",25,1,1,4
"849",25,1,1,4
"850",25,1,0,4
"851",25,1,1,4
"852",25,1,1,3
"853",25,0,0,3
"854",25,1,1,4
"855",25,1,1,4
"856",25,1,0,2
"857",25,0,1,1
"858",25,0,0,3
"859",25,1,1,4
"860",25,0,1,3
"861",25,1,0,4
"862",25,1,1,4
"863",25,0,1,4
"864",25,0,1,4
"865",25,1,1,3
"866",25,1,1,3
"867",25,0,1,3
"868",25,1,0,4
"869",25,0,1,3
"870",25,0,1,3
"871",26,1,0,4
"872",26,1,1,3
"873",26,1,1,4
"874",26,1,0,4
"875",26,1,0,4
"876",26,1,0,3
"877",26,1,1,4
"878",26,0,0,4
"879",26,1,0,4
"880",26,1,1,4
"881",26,1,0,4
"882",26,1,1,4
"883",26,1,0,4
"884",26,1,1,3
"885",26,1,1,3
"886",26,1,0,4
"887",26,1,1,4
"888",26,1,1,3
"889",26,1,1,4
"890",26,1,0,4
"891",26,0,0,2
"892",26,1,0,4
"893",26,1,1,3
"894",26,1,0,4
"895",26,1,0,2
"896",26,1,0,3
"897",26,1,0,4
"898",26,1,1,3
"899",26,1,1,3
"900",26,1,0,4
"901",26,1,1,4
"902",26,1,1,3
"903",26,1,0,4
"904",26,1,1,3
"905",26,1,1,4
"906",26,1,0,3
"907",27,1,0,1
"908",27,1,1,4
"909",27,0,0,1
"910",27,1,0,2
"911",27,0,0,2
"912",27,1,0,1
"913",27,0,0,1
"914",27,1,0,4
"915",27,1,0,1
"916",27,1,0,2
"917",27,1,0,1
"918",27,1,0,1
"919",27,0,1,2
"920",27,1,1,4
"921",27,1,0,3
"922",27,0,0,2
"923",27,1,0,3
"924",27,1,0,4
"925",27,1,0,1
"926",27,0,0,1
"927",27,1,0,1
"928",27,1,0,3
"929",27,0,0,1
"930",27,0,0,1
"931",27,1,0,2
"932",27,1,1,4
"933",27,0,0,4
"934",27,1,0,1
"935",27,0,0,1
"936",27,1,1,4
"937",27,1,1,4
"938",27,1,0,1
"939",27,0,0,2
"940",28,1,0,4
"941",28,1,0,4
"942",28,1,0,4
"943",28,1,1,4
"944",28,0,1,4
"945",28,1,0,4
"946",28,1,0,3
"947",28,1,1,4
"948",28,1,0,4
"949",28,1,1,4
"950",28,1,1,4
"951",28,1,0,4
"952",28,1,1,4
"953",28,1,0,4
"954",28,1,1,4
"955",28,1,1,4
"956",28,1,1,3
"957",28,1,0,4
"958",28,1,0,3
"959",28,1,1,4
"960",28,1,1,4
"961",28,1,0,4
"962",28,1,1,4
"963",28,0,1,3
"964",28,1,0,4
"965",28,1,1,3
"966",28,1,1,3
"967",28,1,1,4
"968",28,1,1,4
"969",28,1,0,3
"970",28,1,0,2
"971",28,0,0,3
"972",28,1,0,3
"973",28,1,1,3
"974",28,1,1,3
"975",29,1,0,3
"976",29,1,1,3
"977",29,0,1,2
"978",29,1,0,4
"979",29,0,0,2
"980",29,1,1,2
"981",29,1,0,4
"982",29,1,0,4
"983",29,1,1,4
"984",29,1,1,2
"985",29,1,1,4
"986",29,1,0,2
"987",29,1,0,2
"988",29,1,0,3
"989",29,1,0,3
"990",29,1,0,2
"991",29,1,0,3
"992",29,1,0,4
"993",29,1,1,4
"994",29,1,0,3
"995",29,1,1,4
"996",29,1,0,4
"997",29,1,1,4
"998",29,1,1,3
"999",29,1,1,4
"1000",29,1,0,4
"1001",29,1,0,4
"1002",29,1,1,4
"1003",29,1,1,2
"1004",29,1,0,4
"1005",29,1,1,4
"1006",29,1,1,4
"1007",29,0,1,2
"1008",29,1,0,4
"1009",29,1,1,4
"1010",29,1,1,4
"1011",29,1,1,3
"1012",30,1,0,2
"1013",30,0,0,2
"1014",30,1,0,2
"1015",30,1,1,3
"1016",30,1,1,3
"1017",30,0,0,1
"1018",30,1,1,4
"1019",30,1,1,4
"1020",30,1,0,1
"1021",30,0,0,2
"1022",30,1,1,4
"1023",30,1,1,4
"1024",30,0,1,1
"1025",30,1,1,4
"1026",30,1,0,4
"1027",30,0,0,1
"1028",30,1,0,4
"1029",30,1,0,1
"1030",30,0,1,1
"1031",30,1,1,4
"1032",30,1,0,1
"1033",30,0,1,4
"1034",30,0,0,1
"1035",30,0,1,4
"1036",30,0,0,4
"1037",30,1,0,1
"1038",30,1,0,1
"1039",30,0,0,1
"1040",30,1,0,1
"1041",31,0,0,2
"1042",31,1,0,2
"1043",31,1,0,3
"1044",31,1,1,3
"1045",31,1,1,3
"1046",31,1,0,4
"1047",31,1,1,3
"1048",31,0,0,3
"1049",31,1,0,4
"1050",31,1,0,3
"1051",31,1,1,3
"1052",31,1,1,4
"1053",31,0,0,2
"1054",31,1,1,3
"1055",31,0,1,3
"1056",31,1,0,4
"1057",31,1,0,4
"1058",31,1,1,3
"1059",31,0,1,3
"1060",31,1,1,4
"1061",31,0,1,3
"1062",31,0,1,3
"1063",31,1,0,3
"1064",31,1,0,3
"1065",31,1,0,4
"1066",31,1,0,4
"1067",31,1,1,4
"1068",31,1,1,3
"1069",31,0,0,3
"1070",31,0,1,3
"1071",31,1,0,3
"1072",31,1,0,4
"1073",31,1,1,3
"1074",31,1,1,3
"1075",31,1,1,3
"1076",31,0,0,3
"1077",32,1,1,3
"1078",32,0,0,2
"1079",32,1,1,4
"1080",32,1,1,4
"1081",32,1,0,3
"1082",32,1,1,4
"1083",32,0,0,4
"1084",32,0,0,4
"1085",32,1,0,4
"1086",32,0,1,4
"1087",32,1,0,4
"1088",32,1,1,4
"1089",32,0,0,3
"1090",32,1,0,3
"1091",32,1,0,3
"1092",32,1,0,4
"1093",32,0,1,4
"1094",32,0,0,4
"1095",32,0,0,4
"1096",32,0,0,4
"1097",32,0,0,4
"1098",32,0,0,4
"1099",32,1,1,4
"1100",32,0,0,4
"1101",33,1,1,4
"1102",33,1,1,4
"1103",33,0,0,2
"1104",33,0,1,3
"1105",33,0,1,2
"1106",33,1,0,1
"1107",33,0,0,1
"1108",33,0,1,3
"1109",33,0,0,2
"1110",33,0,0,2
"1111",33,1,1,4
"1112",33,1,1,4
"1113",33,0,1,3
"1114",33,0,1,3
"1115",33,1,0,1
"1116",33,1,1,3
"1117",33,0,1,2
"1118",33,1,1,2
"1119",33,1,1,3
"1120",33,1,1,4
"1121",33,0,1,2
"1122",33,1,0,3
"1123",33,1,1,3
"1124",33,1,1,3
"1125",33,0,0,3
"1126",33,1,0,1
"1127",33,0,0,3
"1128",34,0,1,3
"1129",34,1,1,2
"1130",34,0,1,4
"1131",34,1,1,3
"1132",34,1,1,4
"1133",34,0,1,3
"1134",34,1,1,4
"1135",34,1,0,4
"1136",34,1,0,4
"1137",34,1,1,3
"1138",34,0,0,4
"1139",34,1,0,4
"1140",34,1,0,3
"1141",34,0,0,2
"1142",34,0,1,3
"1143",34,0,1,3
"1144",34,1,1,4
"1145",34,1,1,3
"1146",34,1,1,4
"1147",34,1,1,4
"1148",34,1,0,2
"1149",34,1,0,4
"1150",34,1,0,4
"1151",34,0,0,4
"1152",34,1,1,3
"1153",34,1,1,3
"1154",34,0,0,3
"1155",34,1,1,4
"1156",34,1,0,2
"1157",34,1,1,4
"1158",34,0,1,3
"1159",34,1,0,4
"1160",34,1,1,3
"1161",34,1,0,4
"1162",35,1,0,2
"1163",35,1,0,3
"1164",35,1,0,4
"1165",35,1,1,2
"1166",35,0,1,2
"1167",35,0,0,1
"1168",35,1,1,4
"1169",35,0,1,4
"1170",35,0,1,3
"1171",35,1,1,2
"1172",35,1,0,1
"1173",35,1,1,1
"1174",35,1,0,4
"1175",35,1,0,1
"1176",35,0,1,2
"1177",35,1,0,3
"1178",35,1,1,4
"1179",35,1,0,1
"1180",35,1,1,2
"1181",35,1,1,1
"1182",35,1,1,1
"1183",35,1,1,2
"1184",35,0,1,3
"1185",35,1,0,2
"1186",35,1,1,1
"1187",35,1,1,4
"1188",35,1,0,4
"1189",35,0,0,1
"1190",35,1,1,3
"1191",35,0,0,2
"1192",35,0,0,1
"1193",35,1,0,2
"1194",36,1,1,4
"1195",36,0,1,4
"1196",36,1,1,4
"1197",36,1,1,4
"1198",36,0,1,3
"1199",36,0,1,4
"1200",36,1,1,3
"1201",36,0,1,2
"1202",36,1,0,4
"1203",36,1,1,3
"1204",36,1,0,4
"1205",36,0,1,3
"1206",36,0,1,3
"1207",36,1,1,4
"1208",36,1,1,3
"1209",36,0,1,2
"1210",36,1,1,3
"1211",36,1,0,4
"1212",36,1,1,4
"1213",36,1,1,4
"1214",36,1,0,1
"1215",36,1,1,4
"1216",36,1,1,3
"1217",36,1,1,2
"1218",36,0,1,2
"1219",36,1,1,4
"1220",36,1,1,2
"1221",36,0,1,2
"1222",36,0,0,2
"1223",36,1,0,3
"1224",36,1,0,4
"1225",36,0,1,3
"1226",36,0,1,3
"1227",36,1,1,3
"1228",37,0,1,2
"1229",37,1,1,1
"1230",37,0,1,3
"1231",37,0,0,3
"1232",37,0,0,4
"1233",37,1,1,2
"1234",37,0,1,3
"1235",37,0,0,4
"1236",37,1,0,3
"1237",37,0,0,4
"1238",37,0,1,2
"1239",37,0,1,4
"1240",37,1,0,4
"1241",37,1,1,1
"1242",37,1,0,4
"1243",37,0,0,3
"1244",37,0,0,3
"1245",37,1,0,3
"1246",37,1,0,4
"1247",37,0,0,3
"1248",37,0,0,2
"1249",37,1,1,3
"1250",37,0,0,4
"1251",37,0,0,3
"1252",37,0,1,3
"1253",37,1,0,3
"1254",37,1,1,4
"1255",37,1,1,4
"1256",37,1,1,2
"1257",37,0,1,4
"1258",37,1,0,4
"1259",37,1,0,2
"1260",37,1,0,2
"1261",37,0,1,4
"1262",37,0,0,1
"1263",37,1,1,3
"1264",38,1,0,4
"1265",38,1,0,4
"1266",38,1,0,4
"1267",38,1,0,4
"1268",38,1,0,4
"1269",38,1,0,3
"1270",38,1,0,4
"1271",38,0,0,1
"1272",38,1,1,1
"1273",38,1,1,4
"1274",38,1,0,4
"1275",38,1,0,2
"1276",38,0,0,4
"1277",38,1,1,2
"1278",38,1,1,4
"1279",38,1,0,2
"1280",38,0,1,2
"1281",38,1,0,3
"1282",38,0,0,2
"1283",38,1,1,2
"1284",38,1,1,4
"1285",38,1,1,2
"1286",38,1,1,2
"1287",38,1,1,2
"1288",38,1,1,4
"1289",38,1,0,4
"1290",38,1,0,3
"1291",38,1,1,2
"1292",38,1,1,2
"1293",38,1,1,2
"1294",38,1,0,4
"1295",38,1,0,4
"1296",38,1,0,3
"1297",38,1,1,4
"1298",38,1,1,4
"1299",38,1,0,3
"1300",38,1,0,4
"1301",38,1,0,4
"1302",38,1,1,4
"1303",39,1,1,4
"1304",39,1,0,3
"1305",39,1,1,3
"1306",39,1,1,4
"1307",39,1,1,2
"1308",39,1,0,3
"1309",39,1,1,2
"1310",39,1,1,4
"1311",39,1,0,4
"1312",39,1,1,3
"1313",39,1,0,3
"1314",39,1,0,4
"1315",39,1,0,4
"1316",39,1,0,4
"1317",39,1,0,4
"1318",39,1,0,4
"1319",39,1,0,4
"1320",39,1,1,4
"1321",39,1,0,3
"1322",39,1,1,2
"1323",39,1,1,1
"1324",39,1,0,2
"1325",39,1,0,4
"1326",39,0,0,2
"1327",39,1,1,4
"1328",39,1,0,4
"1329",39,1,0,2
"1330",39,1,0,4
"1331",39,1,0,4
"1332",39,1,1,3
"1333",39,1,1,2
"1334",39,1,0,2
"1335",39,1,0,4
"1336",40,1,0,4
"1337",40,0,1,3
"1338",40,0,1,1
"1339",40,1,1,4
"1340",40,1,1,4
"1341",40,1,1,2
"1342",40,1,1,1
"1343",40,1,0,1
"1344",40,1,0,1
"1345",40,1,0,1
"1346",40,1,0,2
"1347",40,1,0,4
"1348",40,1,1,2
"1349",40,1,1,2
"1350",40,1,1,2
"1351",40,0,0,2
"1352",40,1,0,1
"1353",40,1,0,4
"1354",40,0,0,1
"1355",40,1,1,4
"1356",40,1,1,4
"1357",40,0,0,1
"1358",40,1,0,1
"1359",40,1,1,2
"1360",40,1,1,4
"1361",40,1,1,2
"1362",40,1,1,2
"1363",40,1,0,1
"1364",40,1,1,4
"1365",40,1,0,4
"1366",40,0,0,1
"1367",40,1,0,4
"1368",40,1,0,4
"1369",40,0,1,2
"1370",40,1,0,4
"1371",40,1,1,2
"1372",41,1,1,4
"1373",41,1,0,4
"1374",41,1,1,2
"1375",41,1,0,1
"1376",41,0,1,2
"1377",41,1,1,4
"1378",41,1,1,4
"1379",41,1,1,2
"1380",41,1,0,2
"1381",41,1,0,1
"1382",41,0,0,1
"1383",41,1,1,2
"1384",41,1,0,3
"1385",41,0,1,2
"1386",41,0,0,4
"1387",41,1,1,2
"1388",41,1,1,3
"1389",41,1,1,4
"1390",41,0,0,4
"1391",41,1,1,3
"1392",41,1,1,4
"1393",41,1,1,4
"1394",41,0,1,2
"1395",41,1,0,3
"1396",41,1,0,4
"1397",41,1,0,4
"1398",41,1,0,4
"1399",41,1,1,2
"1400",41,1,1,2
"1401",41,1,0,2
"1402",41,1,1,3
"1403",41,0,1,2
"1404",41,0,1,2
"1405",41,1,0,2
"1406",41,1,0,4
"1407",41,0,0,4
"1408",41,1,0,3
"1409",41,1,0,2
"1410",42,1,1,4
"1411",42,1,1,3
"1412",42,1,0,4
"1413",42,1,1,3
"1414",42,1,1,1
"1415",42,1,0,1
"1416",42,1,0,4
"1417",42,0,1,2
"1418",42,1,0,4
"1419",42,1,1,2
"1420",42,1,0,4
"1421",42,1,1,4
"1422",42,1,0,3
"1423",42,0,1,1
"1424",42,1,0,1
"1425",42,0,1,2
"1426",42,0,1,2
"1427",42,1,1,2
"1428",42,0,0,2
"1429",42,1,0,4
"1430",42,1,1,2
"1431",42,1,1,2
"1432",42,1,1,3
"1433",42,1,0,3
"1434",42,1,1,1
"1435",42,1,0,4
"1436",42,1,1,3
"1437",42,1,1,1
"1438",42,1,0,1
"1439",42,0,0,1
"1440",42,1,0,3
"1441",42,1,0,3
"1442",42,1,0,4
"1443",42,1,1,4
"1444",42,1,0,4
"1445",43,1,0,3
"1446",43,1,0,2
"1447",43,1,1,1
"1448",43,1,0,3
"1449",43,1,1,4
"1450",43,1,0,4
"1451",43,1,1,4
"1452",43,1,1,3
"1453",43,0,0,2
"1454",43,0,0,2
"1455",43,1,0,3
"1456",43,0,0,2
"1457",43,1,1,2
"1458",43,1,0,3
"1459",43,0,0,2
"1460",43,1,0,2
"1461",43,1,0,2
"1462",43,0,0,2
"1463",43,0,1,3
"1464",43,1,0,4
"1465",43,1,0,3
"1466",43,0,0,2
"1467",43,0,0,3
"1468",43,1,0,4
"1469",43,1,0,4
"1470",43,1,1,4
"1471",43,0,0,2
"1472",43,1,1,3
"1473",43,1,0,4
"1474",43,1,0,2
"1475",43,0,0,2
"1476",43,1,0,3
"1477",43,1,1,2
"1478",43,1,0,2
"1479",43,0,0,3
"1480",43,1,1,4
"1481",44,1,1,4
"1482",44,1,1,4
"1483",44,1,0,4
"1484",44,1,1,3
"1485",44,1,1,3
"1486",44,0,1,3
"1487",44,1,1,3
"1488",44,1,1,4
"1489",44,0,0,3
"1490",44,0,1,3
"1491",44,1,0,2
"1492",44,1,1,3
"1493",44,0,1,3
"1494",44,1,1,4
"1495",44,1,0,4
"1496",44,1,1,2
"1497",44,0,1,3
"1498",44,0,1,3
"1499",44,1,1,3
"1500",44,0,0,4
"1501",44,1,1,3
"1502",44,1,0,4
"1503",44,1,0,3
"1504",44,0,0,4
"1505",44,1,1,3
"1506",44,0,1,1
"1507",44,1,1,3
"1508",44,1,1,4
"1509",44,1,0,4
"1510",44,1,1,3
"1511",44,1,0,4
"1512",44,1,0,4
"1513",44,0,1,3
"1514",44,1,1,3
"1515",44,0,0,3
"1516",45,0,1,4
"1517",45,0,1,4
"1518",45,0,1,4
"1519",45,0,1,4
"1520",45,1,0,4
"1521",45,1,0,4
"1522",45,0,1,4
"1523",45,1,1,4
"1524",45,0,1,2
"1525",45,1,1,4
"1526",45,1,1,4
"1527",45,1,0,4
"1528",45,1,1,4
"1529",45,1,0,4
"1530",45,0,1,4
"1531",45,1,1,4
"1532",45,1,0,4
"1533",45,0,0,4
"1534",45,1,1,4
"1535",45,1,1,4
"1536",45,1,1,4
"1537",45,0,1,4
"1538",45,1,1,4
"1539",45,1,1,4
"1540",45,1,1,4
"1541",45,0,1,4
"1542",45,0,1,4
"1543",45,0,1,4
"1544",45,1,1,4
"1545",45,1,1,4
"1546",45,1,1,4
"1547",45,1,1,4
"1548",45,1,1,4
"1549",45,0,1,4
"1550",45,1,1,4
"1551",45,1,1,4
"1552",45,1,0,4
"1553",46,1,0,4
"1554",46,1,1,4
"1555",46,1,1,4
"1556",46,1,1,3
"1557",46,1,0,4
"1558",46,1,0,4
"1559",46,0,1,2
"1560",46,1,1,4
"1561",46,1,1,3
"1562",46,1,0,2
"1563",46,1,1,4
"1564",46,1,1,4
"1565",46,1,1,3
"1566",46,1,1,2
"1567",46,0,1,3
"1568",46,1,1,2
"1569",46,1,1,4
"1570",46,0,0,2
"1571",46,1,0,4
"1572",46,0,1,2
"1573",46,1,0,3
"1574",46,1,0,4
"1575",46,1,0,2
"1576",46,1,0,2
"1577",46,1,1,3
"1578",46,1,0,2
"1579",46,1,0,2
"1580",46,1,0,3
"1581",46,0,0,2
"1582",46,1,0,1
"1583",46,1,1,3
"1584",46,1,1,4
"1585",46,1,1,2
"1586",46,1,1,2
"1587",46,1,1,1
"1588",46,1,0,2
"1589",47,1,0,4
"1590",47,1,0,4
"1591",47,1,0,4
"1592",47,1,0,4
"1593",47,1,1,4
"1594",47,1,0,4
"1595",47,1,1,3
"1596",47,1,1,3
"1597",47,1,0,3
"1598",47,1,0,3
"1599",47,1,1,4
"1600",47,1,1,4
"1601",47,1,0,4
"1602",47,1,1,3
"1603",47,1,0,3
"1604",47,1,1,4
"1605",47,0,0,2
"1606",47,1,1,4
"1607",47,1,1,4
"1608",47,1,0,4
"1609",47,1,0,3
"1610",47,0,1,3
"1611",47,1,0,4
"1612",47,0,0,4
"1613",47,1,0,4
"1614",47,1,0,4
"1615",47,1,0,4
"1616",47,1,1,4
"1617",47,0,1,4
"1618",47,1,0,4
"1619",47,0,0,4
"1620",47,1,0,4
"1621",47,1,1,4
"1622",48,1,1,4
"1623",48,0,1,4
"1624",48,1,0,4
"1625",48,1,0,4
"1626",48,1,1,4
"1627",48,1,0,4
"1628",48,1,1,4
"1629",48,1,0,4
"1630",48,1,0,4
"1631",48,1,1,3
"1632",48,1,0,4
"1633",48,1,0,4
"1634",48,1,0,4
"1635",48,1,1,4
"1636",48,1,1,4
"1637",48,1,1,4
"1638",48,0,1,1
"1639",48,1,1,4
"1640",48,0,0,3
"1641",48,1,0,4
"1642",48,1,1,4
"1643",48,1,1,3
"1644",48,1,1,3
"1645",48,1,1,4
"1646",48,1,1,4
"1647",48,1,0,4
"1648",48,1,0,4
"1649",48,1,1,4
"1650",48,1,0,4
"1651",48,1,0,4
"1652",48,1,0,4
"1653",48,1,1,4
"1654",48,1,0,4
"1655",48,1,1,4
"1656",48,0,0,4
"1657",48,1,1,4
"1658",48,1,1,4
"1659",49,1,1,2
"1660",49,1,0,2
"1661",49,0,0,2
"1662",49,1,1,4
"1663",49,1,1,2
"1664",49,0,1,2
"1665",49,0,1,2
"1666",49,1,0,1
"1667",49,1,1,4
"1668",49,1,1,4
"1669",49,1,1,4
"1670",49,1,0,4
"1671",49,1,1,1
"1672",49,1,1,4
"1673",49,1,1,2
"1674",49,0,1,1
"1675",49,1,0,2
"1676",49,0,0,3
"1677",49,1,1,4
"1678",49,1,0,4
"1679",49,0,1,2
"1680",49,1,1,4
"1681",49,0,1,2
"1682",49,1,0,2
"1683",49,0,1,2
"1684",49,0,0,1
"1685",49,1,1,3
"1686",49,0,1,2
"1687",49,1,1,4
"1688",49,1,0,2
"1689",49,0,1,3
"1690",49,1,1,3
"1691",49,1,0,4
"1692",49,0,1,2
"1693",49,1,0,4
"1694",49,1,1,1
"1695",49,1,0,4
"1696",49,0,0,1
"1697",49,1,0,1
"1698",50,1,1,4
"1699",50,1,0,4
"1700",50,0,1,2
"1701",50,1,0,3
"1702",50,0,1,2
"1703",50,0,1,3
"1704",50,0,1,2
"1705",50,1,1,2
"1706",50,1,0,4
"1707",50,1,0,3
"1708",50,1,0,2
"1709",50,1,1,2
"1710",50,1,0,4
"1711",50,1,1,2
"1712",50,1,1,2
"1713",50,0,0,2
"1714",50,1,1,4
"1715",50,0,0,2
"1716",50,1,1,2
"1717",50,1,0,4
"1718",50,0,0,2
"1719",50,1,1,2
"1720",50,1,1,2
"1721",50,0,1,2
"1722",50,0,1,4
"1723",50,1,1,2
"1724",50,0,1,2
"1725",50,0,1,2
"1726",50,0,0,2
"1727",50,1,1,4
"1728",50,1,0,4
"1729",50,0,1,2
"1730",50,0,1,2
"1731",50,1,1,4
"1732",50,0,0,2
"1733",50,1,1,2
"1734",50,1,1,2
"1735",50,1,0,4
"1736",50,1,1,2
"1737",50,1,0,4
"1738",51,0,1,4
"1739",51,1,1,4
"1740",51,1,0,4
"1741",51,1,0,4
"1742",51,1,0,4
"1743",51,1,1,4
"1744",51,1,1,4
"1745",51,1,1,4
"1746",51,1,1,2
"1747",51,1,0,4
"1748",51,1,0,4
"1749",51,1,1,3
"1750",51,0,0,4
"1751",51,0,0,4
"1752",51,0,0,2
"1753",51,1,1,4
"1754",51,1,0,4
"1755",51,1,0,4
"1756",51,1,0,4
"1757",51,1,1,4
"1758",51,1,0,4
"1759",51,0,1,4
"1760",51,1,1,4
"1761",51,0,1,4
"1762",51,0,0,4
"1763",51,0,1,4
"1764",51,1,1,4
"1765",51,1,0,4
"1766",51,0,0,4
"1767",51,1,0,4
"1768",51,0,0,3
"1769",51,0,1,4
"1770",51,1,0,4
"1771",51,1,1,4
"1772",51,1,0,4
"1773",51,1,0,4
"1774",52,1,1,4
"1775",52,0,1,3
"1776",52,0,1,4
"1777",52,0,1,4
"1778",52,0,1,4
"1779",52,0,1,2
"1780",52,1,1,4
"1781",52,0,1,3
"1782",52,1,1,4
"1783",52,0,0,2
"1784",52,1,1,2
"1785",52,1,0,3
"1786",52,1,1,2
"1787",52,1,1,4
"1788",52,1,1,4
"1789",52,0,0,4
"1790",52,1,1,3
"1791",52,0,0,3
"1792",52,1,1,4
"1793",52,1,0,3
"1794",52,1,0,3
"1795",52,1,0,3
"1796",52,0,1,4
"1797",52,1,0,2
"1798",52,0,0,2
"1799",52,1,1,4
"1800",52,1,1,2
"1801",52,0,1,4
"1802",52,1,1,2
"1803",52,1,1,4
"1804",52,1,1,2
"1805",52,1,0,2
"1806",52,1,1,4
"1807",52,0,0,4
"1808",52,1,0,4
"1809",52,0,1,2
"1810",52,1,0,2
"1811",53,1,1,2
"1812",53,1,1,2
"1813",53,1,1,3
"1814",53,1,0,1
"1815",53,0,1,1
"1816",53,1,1,3
"1817",53,0,0,2
"1818",53,0,1,4
"1819",53,1,1,2
"1820",53,1,1,3
"1821",53,1,1,4
"1822",53,1,1,3
"1823",53,1,1,3
"1824",53,1,1,3
"1825",53,1,1,3
"1826",53,0,1,3
"1827",53,0,1,4
"1828",53,0,1,2
"1829",53,0,1,3
"1830",53,0,1,2
"1831",53,0,1,2
"1832",53,0,1,1
"1833",53,0,1,2
"1834",53,1,1,2
"1835",53,1,0,1
"1836",53,1,0,4
"1837",53,1,1,2
"1838",53,0,0,2
"1839",53,1,1,2
"1840",53,0,1,2
"1841",53,1,1,1
"1842",54,0,1,3
"1843",54,1,1,3
"1844",54,1,0,4
"1845",54,0,1,3
"1846",54,1,1,3
"1847",54,1,1,4
"1848",54,1,1,4
"1849",54,1,1,4
"1850",54,0,1,3
"1851",54,1,1,4
"1852",54,1,1,1
"1853",54,1,1,2
"1854",54,1,1,4
"1855",54,1,1,2
"1856",54,0,1,1
"1857",54,1,1,4
"1858",54,1,0,4
"1859",54,1,0,3
"1860",54,1,0,2
"1861",54,1,1,2
"1862",54,1,0,4
"1863",54,1,1,1
"1864",54,0,0,2
"1865",54,1,0,1
"1866",54,1,0,2
"1867",54,1,1,4
"1868",54,0,1,2
"1869",54,1,0,2
"1870",54,1,1,2
"1871",54,1,0,2
"1872",54,1,1,2
"1873",54,0,1,2
"1874",54,1,0,3
"1875",54,1,0,4
"1876",54,1,1,4
"1877",54,1,0,2
"1878",54,1,0,3
"1879",55,1,1,2
"1880",55,0,1,3
"1881",55,0,1,2
"1882",55,1,0,3
"1883",55,1,1,2
"1884",55,1,1,3
"1885",55,1,1,2
"1886",55,1,1,4
"1887",55,1,1,3
"1888",55,0,1,3
"1889",55,0,1,3
"1890",55,1,0,2
"1891",55,1,0,3
"1892",55,1,1,3
"1893",55,0,1,2
"1894",55,1,1,2
"1895",55,1,1,2
"1896",55,1,1,2
"1897",55,1,1,2
"1898",55,1,0,2
"1899",55,1,0,3
"1900",55,0,1,2
"1901",55,1,0,3
"1902",55,1,1,2
"1903",55,1,1,2
"1904",55,0,1,2
"1905",55,1,0,3
"1906",55,1,0,3
"1907",55,1,0,4
"1908",55,1,0,4
"1909",55,1,1,3
"1910",55,0,1,3
"1911",55,1,1,3
"1912",55,1,1,3
"1913",55,1,1,3
"1914",56,1,0,4
"1915",56,1,1,4
"1916",56,1,1,3
"1917",56,0,1,3
"1918",56,1,0,4
"1919",56,1,1,3
"1920",56,0,1,3
"1921",56,1,0,3
"1922",56,1,1,3
"1923",56,1,1,3
"1924",56,1,0,4
"1925",56,0,1,3
"1926",56,1,0,4
"1927",56,1,1,4
"1928",56,1,1,3
"1929",56,1,0,4
"1930",56,1,1,4
"1931",56,1,1,3
"1932",56,1,1,4
"1933",56,0,0,2
"1934",56,1,0,4
"1935",56,0,0,4
"1936",56,1,1,4
"1937",56,1,1,4
"1938",56,1,1,4
"1939",56,0,1,3
"1940",56,1,0,4
"1941",56,1,0,4
"1942",56,1,0,2
"1943",56,1,0,4
"1944",56,1,1,4
"1945",56,1,1,2
"1946",56,1,1,3
"1947",56,0,0,2
"1948",56,0,0,2
"1949",57,1,1,4
"1950",57,1,0,4
"1951",57,1,1,3
"1952",57,1,1,3
"1953",57,1,1,3
"1954",57,1,0,4
"1955",57,1,0,4
"1956",57,1,1,2
"1957",57,1,1,2
"1958",57,1,1,3
"1959",57,1,0,4
"1960",57,1,1,4
"1961",57,1,0,4
"1962",57,1,0,2
"1963",57,1,0,4
"1964",57,1,0,4
"1965",57,1,0,4
"1966",57,1,0,4
"1967",57,0,1,2
"1968",57,1,0,3
"1969",57,1,0,4
"1970",57,1,1,3
"1971",57,1,0,4
"1972",57,1,1,3
"1973",57,1,1,3
"1974",57,1,0,4
"1975",57,1,0,4
"1976",57,1,1,3
"1977",57,1,1,4
"1978",57,1,1,4
"1979",57,0,1,2
"1980",57,1,1,4
"1981",57,1,0,4
"1982",58,1,0,4
"1983",58,1,1,3
"1984",58,1,0,4
"1985",58,1,1,4
"1986",58,1,1,4
"1987",58,1,1,4
"1988",58,1,0,4
"1989",58,0,1,3
"1990",58,1,0,4
"1991",58,1,0,4
"1992",58,1,1,4
"1993",58,0,1,2
"1994",58,1,0,4
"1995",58,1,1,4
"1996",58,1,1,4
"1997",58,1,1,2
"1998",58,1,1,2
"1999",58,1,1,2
"2000",58,1,0,4
"2001",58,1,1,4
"2002",58,1,1,1
"2003",58,1,0,4
"2004",58,1,0,3
"2005",58,1,0,4
"2006",58,1,0,4
"2007",58,1,0,4
"2008",58,1,1,2
"2009",58,1,1,4
"2010",58,1,1,3
"2011",58,1,0,4
"2012",58,1,0,4
"2013",58,1,1,4
"2014",58,1,0,4
"2015",58,1,1,3
"2016",58,1,0,4
"2017",59,1,0,3
"2018",59,1,0,2
"2019",59,0,1,2
"2020",59,1,0,4
"2021",59,1,1,4
"2022",59,0,1,2
"2023",59,1,1,3
"2024",59,1,0,4
"2025",59,0,1,2
"2026",59,1,1,4
"2027",59,1,0,2
"2028",59,1,1,2
"2029",59,1,0,4
"2030",59,1,1,4
"2031",59,1,1,4
"2032",59,1,1,3
"2033",59,0,0,3
"2034",59,1,0,4
"2035",59,1,0,4
"2036",59,1,1,3
"2037",59,1,1,4
"2038",59,1,0,4
"2039",59,1,1,2
"2040",59,1,1,4
"2041",59,1,1,2
"2042",59,1,0,2
"2043",59,1,0,4
"2044",59,0,1,2
"2045",59,1,1,2
"2046",59,1,1,4
"2047",59,0,0,3
"2048",59,0,0,2
"2049",59,1,0,2
"2050",59,1,1,4
"2051",59,1,0,3
"2052",59,1,1,2
"2053",59,1,0,4
"2054",60,0,1,4
"2055",60,1,0,3
"2056",60,0,1,4
"2057",60,1,1,4
"2058",60,1,1,4
"2059",60,1,0,2
"2060",60,1,0,3
"2061",60,1,0,3
"2062",60,1,0,3
"2063",60,0,0,3
"2064",60,1,1,4
"2065",60,1,1,3
"2066",60,1,0,2
"2067",60,1,1,3
"2068",60,1,1,4
"2069",60,1,0,3
"2070",60,1,0,3
"2071",60,1,1,3
"2072",60,1,0,3
"2073",60,1,0,3
"2074",60,1,0,2
"2075",60,0,1,3
"2076",60,1,1,4
"2077",60,1,0,4
"2078",60,0,1,2
"2079",60,1,1,4
"2080",60,1,1,4
"2081",60,1,1,4
"2082",60,1,0,3
"2083",60,1,1,4
"2084",60,1,0,3
"2085",60,1,1,4
"2086",60,1,1,4
"2087",60,1,1,3
"2088",60,1,1,4
"2089",60,1,1,4
"2090",60,1,1,4
"2091",60,1,0,4
"2092",61,1,1,4
"2093",61,1,0,3
"2094",61,1,0,4
"2095",61,1,1,3
"2096",61,1,1,3
"2097",61,1,1,2
"2098",61,1,1,2
"2099",61,0,1,2
"2100",61,1,1,3
"2101",61,1,0,4
"2102",61,1,0,4
"2103",61,1,1,4
"2104",61,1,0,2
"2105",61,0,1,3
"2106",61,1,1,2
"2107",61,1,0,4
"2108",61,1,1,4
"2109",61,1,0,3
"2110",61,1,1,4
"2111",61,1,0,2
"2112",61,1,0,4
"2113",61,0,0,4
"2114",61,1,0,4
"2115",61,1,0,4
"2116",61,1,0,4
"2117",61,1,0,2
"2118",61,0,0,3
"2119",61,0,0,3
"2120",61,0,0,3
"2121",61,1,0,3
"2122",61,1,0,4
"2123",61,1,0,4
"2124",61,0,0,4
"2125",61,0,0,3
"2126",61,1,1,4
"2127",61,1,0,4
"2128",61,1,1,4
"2129",61,1,0,3
"2130",61,1,1,3
"2131",62,0,1,4
"2132",62,1,0,3
"2133",62,1,1,3
"2134",62,0,0,4
"2135",62,1,0,3
"2136",62,1,0,3
"2137",62,1,0,2
"2138",62,1,1,4
"2139",62,0,0,3
"2140",62,1,1,3
"2141",62,1,0,2
"2142",62,0,0,3
"2143",62,1,0,4
"2144",62,1,1,2
"2145",62,1,1,3
"2146",62,1,1,3
"2147",62,0,0,3
"2148",62,1,0,4
"2149",62,0,1,3
"2150",62,0,1,3
"2151",62,1,0,4
"2152",62,1,0,4
"2153",62,1,0,4
"2154",62,1,0,4
"2155",62,1,1,4
"2156",62,0,1,4
"2157",62,1,1,3
"2158",62,1,0,4
"2159",62,0,0,4
"2160",62,1,1,3
"2161",62,1,0,2
"2162",62,1,0,4
"2163",62,0,0,2
"2164",62,0,0,3
"2165",62,0,0,3
"2166",62,0,0,3
"2167",62,0,0,2
"2168",62,0,1,3
"2169",62,1,1,3
"2170",63,1,1,4
"2171",63,1,1,4
"2172",63,1,0,4
"2173",63,0,1,3
"2174",63,1,0,4
"2175",63,1,0,4
"2176",63,1,1,3
"2177",63,1,0,4
"2178",63,1,0,4
"2179",63,1,0,4
"2180",63,1,0,4
"2181",63,1,1,4
"2182",63,1,1,3
"2183",63,1,0,4
"2184",63,0,0,3
"2185",63,1,0,4
"2186",63,1,0,4
"2187",63,1,0,4
"2188",63,1,0,3
"2189",63,1,1,4
"2190",63,1,1,4
"2191",63,1,0,4
"2192",63,0,0,3
"2193",63,1,1,3
"2194",63,1,0,4
"2195",63,1,1,3
"2196",63,0,1,4
"2197",63,1,1,4
"2198",63,1,1,4
"2199",63,1,1,4
"2200",63,1,1,4
"2201",63,1,1,4
"2202",63,1,0,3
"2203",63,1,1,4
"2204",63,0,1,4
"2205",63,1,0,3
"2206",63,1,1,4
"2207",64,1,0,3
"2208",64,1,1,4
"2209",64,1,1,2
"2210",64,1,0,4
"2211",64,1,1,2
"2212",64,0,0,2
"2213",64,0,1,2
"2214",64,0,1,3
"2215",64,0,0,3
"2216",64,0,0,3
"2217",64,0,0,2
"2218",64,0,1,3
"2219",64,1,1,3
"2220",64,1,1,2
"2221",64,1,0,4
"2222",64,1,0,3
"2223",64,0,0,1
"2224",64,1,0,3
"2225",64,1,1,3
"2226",64,1,0,4
"2227",64,0,1,2
"2228",64,1,1,2
"2229",64,1,0,3
"2230",64,1,0,4
"2231",64,1,0,4
"2232",64,0,0,2
"2233",64,0,1,2
"2234",64,1,1,4
"2235",64,0,1,1
"2236",64,0,1,2
"2237",64,1,0,3
"2238",64,0,0,2
"2239",64,1,1,3
"2240",64,0,0,2
"2241",64,0,0,2
"2242",65,1,1,2
"2243",65,1,0,3
"2244",65,1,1,1
"2245",65,1,1,4
"2246",65,1,0,2
"2247",65,0,0,4
"2248",65,1,1,2
"2249",65,1,1,4
"2250",65,1,0,4
"2251",65,0,0,2
"2252",65,0,1,2
"2253",65,1,0,3
"2254",65,1,1,4
"2255",65,1,1,3
"2256",65,0,1,2
"2257",65,0,1,3
"2258",65,1,1,4
"2259",65,0,1,2
"2260",65,1,1,4
"2261",65,0,1,2
"2262",65,1,0,4
"2263",65,0,0,2
"2264",65,1,0,4
"2265",65,1,0,4
"2266",65,1,1,2
"2267",65,1,1,4
"2268",65,1,0,2
"2269",65,1,0,4
"2270",65,1,0,4
"2271",65,0,1,1
"2272",65,1,0,4
"2273",65,0,0,2
"2274",65,1,1,3
"2275",65,1,1,3
"2276",65,1,1,4
"2277",65,0,1,2
"2278",65,1,0,4
"2279",66,0,1,3
"2280",66,1,0,1
"2281",66,1,0,2
"2282",66,0,1,4
"2283",66,1,1,4
"2284",66,1,0,4
"2285",66,0,1,3
"2286",66,0,0,2
"2287",66,0,0,4
"2288",66,1,0,2
"2289",66,0,0,2
"2290",66,1,1,4
"2291",66,1,0,2
"2292",66,1,0,4
"2293",66,1,1,3
"2294",66,1,1,4
"2295",66,1,0,2
"2296",66,1,1,2
"2297",66,1,1,4
"2298",66,1,0,4
"2299",66,0,1,4
"2300",66,0,0,4
"2301",66,1,0,4
"2302",66,1,1,4
"2303",66,0,0,2
"2304",66,1,0,3
"2305",66,1,1,3
"2306",66,1,0,2
"2307",66,0,1,4
"2308",66,1,1,4
"2309",66,0,0,2
"2310",66,1,0,2
"2311",66,1,0,2
"2312",66,1,1,4
"2313",67,1,0,1
"2314",67,1,0,2
"2315",67,1,0,2
"2316",67,1,0,2
"2317",67,1,1,4
"2318",67,0,1,3
"2319",67,1,1,4
"2320",67,1,0,3
"2321",67,1,0,4
"2322",67,1,1,2
"2323",67,1,0,4
"2324",67,1,0,4
"2325",67,1,1,4
"2326",67,0,1,4
"2327",67,1,0,2
"2328",67,1,0,3
"2329",67,1,1,4
"2330",67,1,1,4
"2331",67,1,1,4
"2332",67,0,0,2
"2333",67,1,0,3
"2334",67,1,1,4
"2335",67,1,1,2
"2336",67,1,1,4
"2337",68,1,1,3
"2338",68,1,1,3
"2339",68,1,1,3
"2340",68,1,1,3
"2341",68,1,0,3
"2342",68,1,1,2
"2343",68,1,0,2
"2344",68,1,0,3
"2345",68,0,0,4
"2346",68,0,1,3
"2347",68,1,0,4
"2348",68,1,1,3
"2349",68,0,1,3
"2350",68,1,1,3
"2351",68,1,0,3
"2352",68,1,1,2
"2353",68,1,1,4
"2354",68,1,0,2
"2355",68,1,1,2
"2356",68,1,1,4
"2357",68,1,1,4
"2358",68,1,0,3
"2359",68,1,1,3
"2360",68,1,1,3
"2361",68,0,1,2
"2362",68,1,1,3
"2363",68,1,0,3
"2364",68,1,0,4
"2365",68,1,0,4
"2366",68,1,1,4
"2367",68,1,0,2
"2368",68,1,0,3
"2369",68,0,1,2
"2370",68,1,1,3
"2371",69,1,0,4
"2372",69,1,0,4
"2373",69,1,0,4
"2374",69,1,0,4
"2375",69,1,1,3
"2376",69,1,0,4
"2377",69,1,1,3
"2378",69,1,0,3
"2379",69,1,0,4
"2380",69,1,1,4
"2381",69,1,1,3
"2382",69,1,1,2
"2383",69,1,1,4
"2384",69,1,0,4
"2385",69,1,0,4
"2386",69,1,0,4
"2387",69,0,1,2
"2388",69,1,1,3
"2389",69,1,1,4
"2390",69,1,1,3
"2391",69,1,1,4
"2392",69,1,0,4
"2393",69,1,1,3
"2394",69,1,1,3
"2395",69,1,0,4
"2396",69,1,1,4
"2397",69,1,1,4
"2398",69,1,0,4
"2399",69,0,1,2
"2400",69,0,1,2
"2401",69,0,1,2
"2402",69,1,1,4
"2403",69,1,1,4
"2404",69,1,0,4
"2405",69,1,1,3
"2406",69,0,0,2
"2407",70,0,1,3
"2408",70,1,0,4
"2409",70,1,0,4
"2410",70,1,1,2
"2411",70,0,0,3
"2412",70,1,0,3
"2413",70,1,0,3
"2414",70,0,0,2
"2415",70,1,1,3
"2416",70,1,1,4
"2417",70,0,1,3
"2418",70,1,0,3
"2419",70,0,1,2
"2420",70,1,1,4
"2421",70,1,1,4
"2422",70,1,1,3
"2423",70,0,1,2
"2424",70,1,1,4
"2425",70,0,0,2
"2426",70,0,0,3
"2427",70,1,1,3
"2428",70,1,0,3
"2429",70,1,1,2
"2430",70,0,1,3
"2431",70,1,0,3
"2432",70,1,0,2
"2433",70,1,1,4
"2434",70,1,1,3
"2435",70,1,0,2
"2436",70,1,0,3
"2437",70,1,0,4
"2438",70,1,1,2
"2439",70,1,1,3
"2440",70,1,0,3
"2441",70,1,1,3
"2442",70,0,0,2
"2443",70,0,0,3
"2444",71,1,0,2
"2445",71,1,1,4
"2446",71,1,1,4
"2447",71,0,1,3
"2448",71,0,0,2
"2449",71,1,1,3
"2450",71,0,1,3
"2451",71,1,1,4
"2452",71,1,1,3
"2453",71,0,1,3
"2454",71,1,1,4
"2455",71,1,1,4
"2456",71,0,1,4
"2457",71,1,1,3
"2458",71,1,1,3
"2459",71,1,0,3
"2460",71,1,1,3
"2461",71,1,0,3
"2462",71,1,1,3
"2463",71,0,1,2
"2464",71,0,1,2
"2465",71,1,1,3
"2466",71,1,1,3
"2467",71,0,1,3
"2468",71,0,1,2
"2469",71,1,1,3
"2470",71,1,0,3
"2471",71,0,1,2
"2472",71,1,1,2
"2473",71,1,0,4
"2474",71,1,0,4
"2475",71,0,1,3
"2476",71,1,0,4
"2477",71,1,0,4
"2478",71,1,1,2
"2479",71,1,1,3
"2480",71,0,1,3
"2481",72,0,1,2
"2482",72,1,0,2
"2483",72,1,1,3
"2484",72,0,0,1
"2485",72,1,1,3
"2486",72,0,0,1
"2487",72,1,1,3
"2488",72,0,0,1
"2489",72,1,1,4
"2490",72,1,0,1
"2491",72,1,1,4
"2492",72,1,1,4
"2493",72,0,0,1
"2494",72,1,0,2
"2495",72,1,0,1
"2496",72,0,1,3
"2497",72,1,0,2
"2498",72,1,1,2
"2499",72,0,0,1
"2500",72,1,1,4
"2501",72,1,1,4
"2502",72,0,0,1
"2503",72,1,1,2
"2504",72,1,0,2
"2505",72,1,0,1
"2506",72,1,0,2
"2507",72,1,1,4
"2508",72,0,0,1
"2509",72,1,0,1
"2510",72,1,0,2
"2511",72,1,1,4
"2512",72,1,0,2
"2513",72,1,0,2
"2514",72,0,1,4
"2515",72,1,0,2
"2516",72,1,0,2
"2517",72,0,1,2
"2518",72,1,1,3
"2519",73,1,1,4
"2520",73,1,0,3
"2521",73,1,1,2
"2522",73,1,1,4
"2523",73,1,1,4
"2524",73,1,0,4
"2525",73,0,1,2
"2526",73,0,1,2
"2527",73,1,1,2
"2528",73,1,0,4
"2529",73,1,0,4
"2530",73,1,0,4
"2531",73,1,1,4
"2532",73,1,0,4
"2533",73,1,0,4
"2534",73,1,1,4
"2535",73,1,1,2
"2536",73,1,0,1
"2537",73,0,1,2
"2538",73,1,1,3
"2539",73,1,1,2
"2540",73,0,1,2
"2541",73,1,1,4
"2542",73,1,1,2
"2543",73,1,1,2
"2544",73,1,1,4
"2545",73,1,0,2
"2546",73,1,1,4
"2547",73,1,1,3
"2548",73,1,0,3
"2549",73,1,1,2
"2550",73,0,1,3
"2551",73,1,1,3
"2552",73,1,0,3
"2553",73,1,1,3
"2554",74,1,0,4
"2555",74,1,1,3
"2556",74,1,1,2
"2557",74,1,1,2
"2558",74,1,1,4
"2559",74,1,0,4
"2560",74,1,0,3
"2561",74,1,1,3
"2562",74,1,0,4
"2563",74,1,1,2
"2564",74,1,0,4
"2565",74,0,1,1
"2566",74,1,1,4
"2567",74,1,1,2
"2568",74,1,1,4
"2569",74,1,0,4
"2570",74,0,1,3
"2571",74,1,1,3
"2572",74,1,0,2
"2573",74,1,0,4
"2574",74,1,1,2
"2575",74,1,1,4
"2576",74,1,1,3
"2577",74,1,0,4
"2578",74,1,1,1
"2579",74,0,1,3
"2580",74,1,0,4
"2581",74,0,1,3
"2582",74,0,1,2
"2583",74,1,0,3
"2584",74,1,0,3
"2585",74,0,0,1
"2586",74,1,1,3
"2587",74,1,1,4
"2588",74,1,1,4
"2589",74,0,0,4
"2590",74,1,1,2
"2591",75,1,1,4
"2592",75,1,0,4
"2593",75,0,0,2
"2594",75,1,1,2
"2595",75,1,1,4
"2596",75,1,0,4
"2597",75,1,0,4
"2598",75,1,1,3
"2599",75,1,0,4
"2600",75,0,0,1
"2601",75,0,1,4
"2602",75,1,0,3
"2603",75,1,0,4
"2604",75,0,1,4
"2605",75,0,0,1
"2606",75,1,0,4
"2607",75,1,0,2
"2608",75,1,1,2
"2609",75,0,0,2
"2610",75,1,0,4
"2611",75,1,0,2
"2612",75,1,0,2
"2613",75,1,1,2
"2614",75,1,0,2
"2615",75,1,0,2
"2616",75,0,0,2
"2617",75,1,1,2
"2618",75,1,1,1
"2619",75,1,0,1
"2620",75,1,1,4
"2621",75,1,0,4
"2622",76,1,1,4
"2623",76,1,0,2
"2624",76,1,0,1
"2625",76,1,0,1
"2626",76,1,0,1
"2627",76,0,0,4
"2628",76,0,1,2
"2629",76,0,1,2
"2630",76,0,1,4
"2631",76,1,1,3
"2632",76,1,1,3
"2633",76,0,0,4
"2634",76,1,1,4
"2635",76,1,0,3
"2636",76,1,0,2
"2637",76,1,0,4
"2638",76,0,0,4
"2639",76,1,1,2
"2640",76,0,0,3
"2641",76,0,1,3
"2642",76,0,1,3
"2643",76,0,0,3
"2644",76,1,0,4
"2645",76,1,1,4
"2646",76,1,1,4
"2647",76,1,1,3
"2648",76,1,0,1
"2649",76,0,0,1
"2650",76,0,1,2
"2651",76,1,1,3
"2652",76,0,0,1
"2653",76,1,0,4
"2654",76,1,1,3
"2655",76,1,0,3
"2656",76,0,1,4
"2657",76,1,1,2
"2658",76,0,0,3
"2659",76,0,1,3
"2660",76,1,0,3
"2661",77,1,1,4
"2662",77,1,0,3
"2663",77,0,0,4
"2664",77,1,0,3
"2665",77,1,1,4
"2666",77,1,0,4
"2667",77,0,0,3
"2668",77,0,1,4
"2669",77,0,0,2
"2670",77,1,0,4
"2671",77,1,0,3
"2672",77,1,0,3
"2673",77,1,1,3
"2674",77,0,0,3
"2675",77,0,0,3
"2676",77,1,0,2
"2677",77,0,0,2
"2678",77,1,1,4
"2679",77,1,0,4
"2680",77,0,0,4
"2681",77,0,0,3
"2682",77,1,0,4
"2683",77,1,0,4
"2684",77,1,0,3
"2685",77,1,0,3
"2686",77,0,0,3
"2687",77,1,0,2
"2688",77,1,1,2
"2689",77,1,1,3
"2690",77,1,0,4
"2691",77,1,0,3
"2692",77,0,0,2
"2693",77,1,1,3
"2694",77,0,0,2
"2695",77,0,0,1
"2696",77,0,1,3
"2697",77,1,0,4
"2698",77,1,0,4
"2699",78,0,1,2
"2700",78,1,1,2
"2701",78,1,1,4
"2702",78,1,1,4
"2703",78,1,1,4
"2704",78,0,1,2
"2705",78,1,0,4
"2706",78,0,1,4
"2707",78,1,0,4
"2708",78,0,1,1
"2709",78,1,0,4
"2710",78,1,0,4
"2711",78,1,1,2
"2712",78,1,1,2
"2713",78,1,1,2
"2714",78,1,1,2
"2715",78,1,1,2
"2716",78,1,0,3
"2717",78,1,0,4
"2718",78,1,1,3
"2719",78,1,0,4
"2720",78,1,1,2
"2721",78,1,1,2
"2722",78,1,0,4
"2723",78,1,0,4
"2724",78,1,0,4
"2725",78,1,0,2
"2726",78,1,0,4
"2727",78,1,1,4
"2728",78,1,1,3
"2729",78,1,1,2
"2730",78,1,1,2
"2731",78,1,0,4
"2732",78,1,1,4
"2733",79,1,1,1
"2734",79,1,0,2
"2735",79,1,1,2
"2736",79,1,1,4
"2737",79,1,1,2
"2738",79,1,1,2
"2739",79,1,0,4
"2740",79,1,1,4
"2741",79,1,1,1
"2742",79,1,0,2
"2743",79,1,0,4
"2744",79,1,0,4
"2745",79,1,0,2
"2746",79,1,1,2
"2747",79,1,0,2
"2748",79,1,0,4
"2749",79,1,0,2
"2750",79,1,1,2
"2751",79,1,0,4
"2752",79,0,0,2
"2753",79,1,1,1
"2754",79,0,0,2
"2755",79,0,0,1
"2756",79,1,1,4
"2757",79,1,0,2
"2758",79,1,1,4
"2759",79,1,1,2
"2760",79,1,0,2
"2761",79,1,0,3
"2762",79,1,0,4
"2763",79,1,0,4
"2764",79,1,1,4
"2765",79,1,1,4
"2766",79,1,0,4
"2767",79,1,0,4
"2768",79,1,1,3
"2769",79,1,0,4
"2770",80,0,1,4
"2771",80,1,1,1
"2772",80,1,1,4
"2773",80,1,1,4
"2774",80,1,0,4
"2775",80,1,0,4
"2776",80,1,0,2
"2777",80,1,0,4
"2778",80,1,0,3
"2779",80,0,0,1
"2780",80,1,0,4
"2781",80,0,0,3
"2782",80,1,1,4
"2783",80,1,1,1
"2784",80,1,1,1
"2785",80,1,0,4
"2786",80,0,1,1
"2787",80,1,0,1
"2788",80,0,0,2
"2789",80,1,0,4
"2790",80,1,1,2
"2791",80,1,0,1
"2792",80,1,1,1
"2793",80,0,0,1
"2794",80,1,1,4
"2795",80,1,1,4
"2796",80,1,0,4
"2797",80,1,0,1
"2798",80,1,0,3
"2799",80,1,0,4
"2800",80,1,1,1
"2801",80,1,1,2
"2802",80,0,1,1
"2803",80,0,1,1
"2804",80,1,1,1
"2805",80,1,1,1
"2806",81,1,0,4
"2807",81,1,1,4
"2808",81,1,1,1
"2809",81,1,1,4
"2810",81,1,1,1
"2811",81,1,0,1
"2812",81,1,1,4
"2813",81,1,0,4
"2814",81,1,0,4
"2815",81,1,0,2
"2816",81,1,0,2
"2817",81,1,1,4
"2818",81,1,0,2
"2819",81,1,1,4
"2820",81,1,0,4
"2821",81,1,1,1
"2822",81,1,1,4
"2823",81,1,0,3
"2824",81,0,0,1
"2825",81,1,0,2
"2826",81,1,1,4
"2827",81,1,1,3
"2828",81,1,0,2
"2829",81,1,1,1
"2830",81,1,0,4
"2831",81,1,0,4
"2832",81,1,0,4
"2833",81,1,0,4
"2834",81,1,1,2
"2835",81,1,1,1
"2836",81,1,0,2
"2837",81,1,0,3
"2838",81,1,1,4
"2839",81,1,0,2
"2840",81,1,1,1
"2841",81,1,0,2
"2842",81,1,1,2
"2843",82,1,1,3
"2844",82,0,1,4
"2845",82,0,1,3
"2846",82,1,0,2
"2847",82,1,0,4
"2848",82,1,1,4
"2849",82,1,1,3
"2850",82,1,1,2
"2851",82,1,0,4
"2852",82,0,1,2
"2853",82,1,1,3
"2854",82,1,1,4
"2855",82,0,1,2
"2856",82,1,0,4
"2857",82,1,0,1
"2858",82,1,0,3
"2859",82,1,0,3
"2860",82,1,0,4
"2861",82,1,1,4
"2862",82,1,0,4
"2863",82,1,1,4
"2864",82,1,0,4
"2865",82,1,1,4
"2866",82,1,1,2
"2867",82,1,0,4
"2868",82,0,0,2
"2869",82,1,1,3
"2870",82,1,0,4
"2871",82,1,1,3
"2872",82,1,0,3
"2873",82,0,0,3
"2874",82,1,0,2
"2875",82,1,0,3
"2876",82,1,1,3
"2877",82,0,0,3
"2878",82,1,1,4
"2879",82,0,0,3
"2880",82,0,0,4
"2881",83,1,0,4
"2882",83,1,1,1
"2883",83,0,1,2
"2884",83,1,1,3
"2885",83,1,1,2
"2886",83,1,0,3
"2887",83,1,1,4
"2888",83,0,0,3
"2889",83,1,0,4
"2890",83,1,0,3
"2891",83,1,1,2
"2892",83,0,0,2
"2893",83,0,0,2
"2894",83,1,1,3
"2895",83,1,0,2
"2896",83,1,0,4
"2897",83,1,1,3
"2898",83,1,0,4
"2899",83,1,1,2
"2900",83,0,0,3
"2901",83,0,0,4
"2902",83,0,0,4
"2903",83,1,0,4
"2904",83,1,0,4
"2905",83,0,0,2
"2906",83,1,0,4
"2907",83,1,0,4
"2908",83,1,0,4
"2909",83,0,1,2
"2910",83,1,1,2
"2911",83,1,0,2
"2912",83,1,1,3
"2913",83,0,0,4
"2914",83,1,0,4
"2915",83,0,0,3
"2916",84,0,1,2
"2917",84,1,0,4
"2918",84,0,1,2
"2919",84,0,0,1
"2920",84,1,0,4
"2921",84,1,0,2
"2922",84,0,0,3
"2923",84,1,1,2
"2924",84,1,0,2
"2925",84,1,1,2
"2926",84,1,0,1
"2927",84,0,0,3
"2928",84,1,0,4
"2929",84,1,0,3
"2930",84,1,1,2
"2931",84,1,1,2
"2932",84,1,1,4
"2933",84,1,0,3
"2934",84,1,1,3
"2935",84,1,0,2
"2936",84,1,0,4
"2937",84,0,0,3
"2938",84,1,0,2
"2939",84,1,0,4
"2940",84,0,0,2
"2941",84,1,0,3
"2942",84,0,0,1
"2943",84,0,0,2
"2944",84,0,1,2
"2945",84,1,0,2
"2946",84,1,1,3
"2947",84,1,1,2
"2948",84,0,0,2
"2949",84,1,0,2
"2950",84,1,0,3
"2951",84,0,0,2
"2952",84,1,1,3
"2953",85,1,0,3
"2954",85,1,1,3
"2955",85,1,1,3
"2956",85,0,1,3
"2957",85,0,0,2
"2958",85,1,0,2
"2959",85,1,1,3
"2960",85,0,0,3
"2961",85,1,1,3
"2962",85,1,1,3
"2963",85,1,1,2
"2964",85,1,1,3
"2965",85,1,0,4
"2966",85,0,0,2
"2967",85,1,1,2
"2968",85,0,0,3
"2969",85,1,0,3
"2970",85,1,0,2
"2971",85,1,0,3
"2972",85,1,1,2
"2973",85,0,1,2
"2974",85,0,1,2
"2975",85,1,0,2
"2976",85,0,1,3
"2977",85,0,1,3
"2978",85,1,1,2
"2979",85,1,0,4
"2980",85,1,0,3
"2981",85,1,1,2
"2982",85,1,0,2
"2983",85,0,1,2
"2984",85,0,0,4
"2985",85,1,0,2
"2986",85,1,0,3
"2987",85,0,0,2
"2988",85,0,0,3
"2989",85,1,0,4
"2990",85,1,1,2
"2991",85,1,1,2
"2992",86,1,0,2
"2993",86,1,1,4
"2994",86,1,1,2
"2995",86,1,0,4
"2996",86,1,1,2
"2997",86,0,0,2
"2998",86,1,0,3
"2999",86,0,0,2
"3000",86,0,0,2
"3001",86,1,1,4
"3002",86,1,1,4
"3003",86,1,1,3
"3004",86,1,0,3
"3005",86,1,0,4
"3006",86,1,1,2
"3007",86,1,0,3
"3008",86,1,0,4
"3009",86,1,0,4
"3010",86,1,0,4
"3011",86,1,0,2
"3012",86,1,1,1
"3013",86,1,0,2
"3014",86,1,1,4
"3015",86,1,1,3
"3016",86,1,0,2
"3017",86,1,1,2
"3018",86,0,1,1
"3019",86,0,0,2
"3020",86,1,1,1
"3021",86,1,0,3
"3022",86,1,1,2
"3023",86,1,0,2
"3024",86,1,0,2
"3025",86,0,1,1
"3026",86,1,0,3
"3027",86,1,0,2
"3028",86,1,1,4
"3029",86,1,0,2
"3030",87,0,1,4
"3031",87,1,1,3
"3032",87,1,0,4
"3033",87,0,0,3
"3034",87,0,1,4
"3035",87,1,0,4
"3036",87,1,0,3
"3037",87,1,1,3
"3038",87,1,1,2
"3039",87,1,0,4
"3040",87,1,1,2
"3041",87,1,1,2
"3042",87,1,1,4
"3043",87,1,1,3
"3044",87,1,0,4
"3045",87,1,1,4
"3046",87,1,0,4
"3047",87,1,1,3
"3048",87,1,1,3
"3049",87,1,1,2
"3050",87,1,1,3
"3051",87,1,0,4
"3052",87,1,0,4
"3053",87,1,0,4
"3054",87,1,1,3
"3055",87,1,1,3
"3056",87,1,1,3
"3057",87,0,1,3
"3058",87,1,0,4
"3059",87,1,1,3
"3060",87,1,1,4
"3061",87,0,1,1
"3062",87,1,1,2
"3063",87,1,0,4
"3064",87,0,1,2
"3065",87,1,1,4
"3066",88,0,0,2
"3067",88,1,0,3
"3068",88,0,1,1
"3069",88,1,0,4
"3070",88,1,0,4
"3071",88,1,1,1
"3072",88,1,1,3
"3073",88,0,0,1
"3074",88,1,1,4
"3075",88,1,0,4
"3076",88,1,1,3
"3077",88,1,1,2
"3078",88,1,0,4
"3079",88,0,1,2
"3080",88,1,0,4
"3081",88,0,0,2
"3082",88,1,1,2
"3083",88,0,0,4
"3084",88,0,1,1
"3085",88,0,0,1
"3086",88,1,1,3
"3087",88,0,1,2
"3088",88,1,0,3
"3089",88,1,0,4
"3090",88,0,1,1
"3091",88,1,0,4
"3092",88,1,0,3
"3093",88,1,1,1
"3094",88,0,0,2
"3095",88,0,1,1
"3096",88,1,1,4
"3097",88,1,0,4
"3098",88,0,1,1
"3099",88,1,0,3
"3100",89,1,1,2
"3101",89,1,1,4
"3102",89,1,1,3
"3103",89,0,1,3
"3104",89,0,1,4
"3105",89,1,1,4
"3106",89,0,1,3
"3107",89,1,1,4
"3108",89,0,1,3
"3109",89,1,1,3
"3110",89,1,1,3
"3111",89,1,1,2
"3112",89,1,0,4
"3113",89,1,0,4
"3114",89,1,0,3
"3115",89,1,0,3
"3116",89,1,0,3
"3117",89,1,1,4
"3118",89,1,1,3
"3119",89,1,1,4
"3120",89,1,1,4
"3121",89,0,1,3
"3122",89,0,1,4
"3123",89,1,1,2
"3124",89,0,1,1
"3125",90,1,1,2
"3126",90,0,1,4
"3127",90,0,0,4
"3128",90,0,1,3
"3129",90,0,1,4
"3130",90,0,0,2
"3131",90,1,0,4
"3132",90,1,1,2
"3133",90,0,0,2
"3134",90,1,0,4
"3135",90,1,1,4
"3136",90,1,1,3
"3137",90,1,1,2
"3138",90,1,1,3
"3139",90,1,0,4
"3140",90,1,0,4
"3141",90,1,1,3
"3142",90,1,1,4
"3143",90,0,1,2
"3144",90,0,1,3
"3145",90,1,0,3
"3146",90,0,1,3
"3147",90,1,1,3
"3148",90,0,1,3
"3149",90,1,0,4
"3150",90,1,0,4
"3151",90,0,0,4
"3152",90,1,0,4
"3153",90,0,0,2
"3154",90,0,0,4
"3155",90,1,0,4
"3156",90,1,1,3
"3157",90,1,1,3
"3158",90,1,0,4
"3159",91,1,1,2
"3160",91,1,0,4
"3161",91,1,0,4
"3162",91,1,1,4
"3163",91,1,0,1
"3164",91,1,1,3
"3165",91,1,0,4
"3166",91,1,1,4
"3167",91,1,1,1
"3168",91,1,1,1
"3169",91,0,1,4
"3170",91,0,1,1
"3171",91,1,0,4
"3172",91,0,1,3
"3173",91,1,0,4
"3174",91,1,1,3
"3175",91,1,1,1
"3176",91,1,1,1
"3177",91,1,0,4
"3178",91,0,0,3
"3179",91,1,1,1
"3180",91,0,1,3
"3181",91,0,0,2
"3182",91,1,1,2
"3183",91,1,0,1
"3184",91,0,1,1
"3185",91,0,0,2
"3186",91,0,0,4
"3187",91,1,0,1
"3188",91,0,1,3
"3189",92,1,1,4
"3190",92,1,1,3
"3191",92,0,1,3
"3192",92,0,0,2
"3193",92,0,1,2
"3194",92,0,1,3
"3195",92,1,0,4
"3196",92,0,0,2
"3197",92,1,1,3
"3198",92,1,1,4
"3199",92,1,0,3
"3200",92,0,1,2
"3201",92,1,1,4
"3202",92,0,1,3
"3203",92,1,1,3
"3204",92,1,0,4
"3205",92,0,1,3
"3206",92,1,1,3
"3207",92,0,1,3
"3208",92,1,1,2
"3209",92,1,1,4
"3210",92,1,0,4
"3211",92,0,1,4
"3212",92,1,0,3
"3213",92,1,1,4
"3214",92,1,0,3
"3215",92,1,1,3
"3216",92,1,0,4
"3217",92,1,1,3
"3218",92,0,1,3
"3219",92,1,1,3
"3220",92,1,1,3
"3221",92,1,0,3
"3222",92,1,1,4
"3223",92,0,1,4
"3224",92,1,1,3
"3225",92,1,1,4
"3226",92,1,1,3
"3227",93,1,0,1
"3228",93,1,1,4
"3229",93,1,1,4
"3230",93,1,1,4
"3231",93,1,1,2
"3232",93,0,1,4
"3233",93,1,1,4
"3234",93,0,0,1
"3235",93,1,1,2
"3236",93,1,1,3
"3237",93,1,0,2
"3238",93,1,1,4
"3239",93,1,1,4
"3240",93,1,1,4
"3241",93,0,0,1
"3242",93,0,1,4
"3243",93,0,1,4
"3244",93,0,0,1
"3245",93,0,0,2
"3246",93,1,0,4
"3247",93,1,1,4
"3248",93,0,1,3
"3249",93,0,0,1
"3250",93,0,1,4
"3251",94,1,0,4
"3252",94,1,1,4
"3253",94,0,1,3
"3254",94,1,1,4
"3255",94,1,0,4
"3256",94,1,1,4
"3257",94,1,0,4
"3258",94,1,1,4
"3259",94,0,0,3
"3260",94,0,0,3
"3261",94,1,0,4
"3262",94,0,0,3
"3263",94,1,1,4
"3264",94,1,1,4
"3265",94,1,1,4
"3266",94,1,0,4
"3267",94,0,0,2
"3268",94,1,0,4
"3269",94,1,1,4
"3270",94,1,0,4
"3271",94,1,1,2
"3272",94,1,0,3
"3273",94,1,0,4
"3274",94,0,1,2
"3275",94,0,0,2
"3276",94,1,0,4
"3277",94,1,0,4
"3278",94,1,1,4
"3279",94,1,0,3
"3280",94,1,0,4
"3281",94,1,0,4
"3282",94,0,0,2
"3283",94,1,1,4
"3284",94,0,0,4
"3285",94,0,0,3
"3286",94,1,0,4
"3287",95,1,1,4
"3288",95,1,0,4
"3289",95,1,0,4
"3290",95,1,1,3
"3291",95,1,0,4
"3292",95,0,0,3
"3293",95,1,1,4
"3294",95,0,0,2
"3295",95,0,1,3
"3296",95,1,1,3
"3297",95,1,1,2
"3298",95,1,1,3
"3299",95,1,0,4
"3300",95,1,0,4
"3301",95,1,0,4
"3302",95,1,1,3
"3303",95,1,1,4
"3304",95,1,1,3
"3305",95,1,0,4
"3306",95,1,1,2
"3307",95,1,0,4
"3308",95,1,0,3
"3309",95,1,0,4
"3310",95,0,0,2
"3311",95,1,0,4
"3312",95,1,0,4
"3313",95,0,0,2
"3314",95,0,0,4
"3315",95,1,1,3
"3316",95,1,0,4
"3317",95,0,1,3
"3318",95,1,1,4
"3319",95,1,1,4
"3320",95,1,1,3
"3321",95,1,1,3
"3322",95,1,0,4
"3323",95,0,1,2
"3324",96,1,0,2
"3325",96,0,1,2
"3326",96,1,1,2
"3327",96,1,1,2
"3328",96,1,0,4
"3329",96,1,1,2
"3330",96,1,1,2
"3331",96,1,1,3
"3332",96,1,0,3
"3333",96,0,1,2
"3334",96,1,0,3
"3335",96,1,0,4
"3336",96,1,1,4
"3337",96,1,0,4
"3338",96,1,0,4
"3339",96,1,1,3
"3340",96,1,1,2
"3341",96,1,1,3
"3342",96,0,1,3
"3343",96,1,1,3
"3344",96,1,1,4
"3345",96,1,1,3
"3346",96,1,0,3
"3347",96,1,1,4
"3348",96,1,1,3
"3349",96,0,1,2
"3350",96,1,1,2
"3351",96,1,1,2
"3352",96,1,0,4
"3353",96,1,0,3
"3354",96,1,0,3
"3355",96,1,1,2
"3356",96,1,0,3
"3357",96,0,0,3
"3358",96,1,0,4
"3359",96,1,1,4
"3360",96,1,1,4
"3361",97,1,0,4
"3362",97,1,1,3
"3363",97,0,1,1
"3364",97,1,1,4
"3365",97,0,1,1
"3366",97,1,1,3
"3367",97,0,1,1
"3368",97,1,0,1
"3369",97,1,1,4
"3370",97,1,1,3
"3371",97,0,1,4
"3372",97,1,1,4
"3373",97,1,0,2
"3374",97,1,1,3
"3375",97,1,1,4
"3376",97,1,1,3
"3377",97,0,1,1
"3378",97,1,0,4
"3379",97,1,1,3
"3380",97,0,1,2
"3381",97,1,1,3
"3382",97,1,0,4
"3383",97,1,1,4
"3384",97,1,1,3
"3385",97,0,1,3
"3386",97,0,1,2
"3387",97,1,1,4
"3388",98,1,0,4
"3389",98,0,1,3
"3390",98,1,1,4
"3391",98,1,1,2
"3392",98,1,1,4
"3393",98,1,0,4
"3394",98,0,1,2
"3395",98,1,1,2
"3396",98,1,0,1
"3397",98,0,1,3
"3398",98,1,0,2
"3399",98,1,1,4
"3400",98,1,1,4
"3401",98,1,1,3
"3402",98,1,1,1
"3403",98,1,0,1
"3404",98,1,0,4
"3405",98,1,1,4
"3406",98,1,1,1
"3407",98,1,1,1
"3408",98,1,1,3
"3409",98,1,1,4
"3410",98,0,1,1
"3411",98,0,0,1
"3412",98,1,0,1
"3413",98,1,1,1
"3414",98,1,0,4
"3415",98,1,0,4
"3416",98,1,0,4
"3417",98,1,0,4
"3418",98,0,0,2
"3419",98,0,0,2
"3420",98,1,0,4
"3421",98,1,0,4
"3422",98,0,1,3
"3423",98,1,1,3
"3424",98,1,1,3
"3425",98,0,1,3
"3426",99,1,1,4
"3427",99,1,1,4
"3428",99,0,1,3
"3429",99,1,1,4
"3430",99,0,1,4
"3431",99,1,1,4
"3432",99,1,1,4
"3433",99,1,0,4
"3434",99,0,0,3
"3435",99,1,1,4
"3436",99,1,0,4
"3437",99,1,0,4
"3438",99,1,1,4
"3439",99,1,0,4
"3440",99,1,1,3
"3441",99,1,1,4
"3442",99,1,0,4
"3443",99,1,0,3
"3444",99,1,1,4
"3445",99,1,0,4
"3446",99,1,1,3
"3447",99,1,1,4
"3448",99,1,0,3
"3449",99,1,1,4
"3450",99,1,1,4
"3451",99,1,0,4
"3452",99,1,0,4
"3453",99,0,0,3
"3454",99,1,0,4
"3455",99,1,0,4
"3456",99,1,0,4
"3457",99,1,0,4
"3458",99,1,0,3
"3459",99,1,0,4
"3460",99,1,0,4
"3461",99,1,1,4
"3462",99,1,1,4
"3463",99,0,0,3
"3464",99,1,1,3
"3465",99,1,0,4
"3466",100,1,1,3
"3467",100,0,1,3
"3468",100,1,1,2
"3469",100,1,1,3
"3470",100,1,1,3
"3471",100,1,0,3
"3472",100,1,0,1
"3473",100,1,0,1
"3474",100,1,0,4
"3475",100,0,0,2
"3476",100,1,0,2
"3477",100,1,1,4
"3478",100,1,1,3
"3479",100,0,1,2
"3480",100,1,1,2
"3481",100,1,0,3
"3482",100,0,1,2
"3483",100,0,0,3
"3484",100,1,1,4
"3485",100,1,0,3
"3486",100,1,1,1
"3487",100,0,0,2
"3488",100,1,0,2
"3489",100,0,0,2
"3490",100,0,0,3
"3491",100,0,1,1
"3492",100,1,0,1
"3493",100,1,1,3
"3494",100,1,0,3
"3495",100,1,0,3
"3496",100,1,1,3
"3497",100,1,0,2
"3498",100,1,1,4
"3499",100,1,1,3
"3500",100,1,0,4
"3501",100,0,1,3
"3502",100,0,0,3
"3503",100,1,0,2
"3504",101,1,0,3
"3505",101,1,1,2
"3506",101,1,1,3
"3507",101,1,1,3
"3508",101,0,1,3
"3509",101,1,1,2
"3510",101,0,1,4
"3511",101,1,1,4
"3512",101,1,0,2
"3513",101,0,0,2
"3514",101,1,1,4
"3515",101,0,0,3
"3516",101,1,0,2
"3517",101,1,0,3
"3518",101,1,1,2
"3519",101,1,1,3
"3520",101,1,0,3
"3521",101,0,0,3
"3522",101,1,0,3
"3523",101,1,0,3
"3524",101,1,1,3
"3525",101,1,1,4
"3526",101,1,0,3
"3527",101,1,0,3
"3528",101,1,1,2
"3529",101,0,1,1
"3530",101,0,0,3
"3531",101,0,1,1
"3532",101,1,1,2
"3533",101,1,0,4
"3534",101,0,0,3
"3535",101,1,0,4
"3536",101,1,0,2
"3537",101,1,0,2
"3538",101,0,0,3
"3539",101,1,0,3
"3540",102,1,0,4
"3541",102,1,1,2
"3542",102,1,1,2
"3543",102,1,1,2
"3544",102,1,1,1
"3545",102,0,1,2
"3546",102,1,0,3
"3547",102,1,1,1
"3548",102,1,0,2
"3549",102,1,1,2
"3550",102,1,1,2
"3551",102,1,1,1
"3552",102,1,1,4
"3553",102,1,1,1
"3554",102,1,1,2
"3555",102,1,0,3
"3556",102,1,0,4
"3557",102,1,0,4
"3558",102,1,0,3
"3559",102,1,1,3
"3560",102,1,0,3
"3561",102,1,0,4
"3562",102,0,1,2
"3563",102,1,1,4
"3564",102,1,0,4
"3565",102,1,0,4
"3566",102,1,1,1
"3567",102,1,0,2
"3568",102,1,0,2
"3569",102,1,0,4
"3570",102,1,1,2
"3571",102,1,1,2
"3572",102,1,1,1
"3573",102,1,1,4
"3574",102,1,0,4
"3575",102,1,0,1
"3576",103,1,1,4
"3577",103,1,1,3
"3578",103,0,1,3
"3579",103,0,0,3
"3580",103,0,1,1
"3581",103,1,0,3
"3582",103,1,1,3
"3583",103,1,0,3
"3584",103,1,1,3
"3585",103,1,0,2
"3586",103,1,1,2
"3587",103,1,0,4
"3588",103,1,0,1
"3589",103,1,0,3
"3590",103,1,0,4
"3591",103,1,0,4
"3592",103,1,1,3
"3593",103,1,1,4
"3594",103,1,0,4
"3595",103,0,1,4
"3596",103,1,1,3
"3597",103,0,0,2
"3598",103,1,0,4
"3599",103,1,0,4
"3600",103,1,1,4
"3601",103,1,0,3
"3602",103,1,1,3
"3603",103,1,0,4
"3604",103,0,1,4
"3605",103,1,1,3
"3606",103,1,1,4
"3607",103,1,1,4
"3608",103,1,0,3
"3609",103,0,0,3
"3610",103,1,1,2
"3611",103,1,1,4
"3612",103,1,1,4
"3613",103,1,0,4
"3614",104,1,1,1
"3615",104,0,0,3
"3616",104,1,1,4
"3617",104,1,1,4
"3618",104,1,1,4
"3619",104,1,0,3
"3620",104,1,0,1
"3621",104,1,0,2
"3622",104,1,1,4
"3623",104,0,1,3
"3624",104,1,0,2
"3625",104,1,0,2
"3626",104,1,1,2
"3627",104,0,0,2
"3628",104,1,0,4
"3629",104,1,0,4
"3630",104,1,0,4
"3631",104,0,0,2
"3632",104,1,0,2
"3633",104,0,0,2
"3634",104,1,0,2
"3635",104,0,0,2
"3636",104,1,0,4
"3637",104,1,1,4
"3638",104,1,0,2
"3639",104,1,0,2
"3640",104,0,0,2
"3641",104,0,0,2
"3642",104,0,0,2
"3643",104,1,0,2
"3644",104,1,0,2
"3645",105,1,1,4
"3646",105,0,1,4
"3647",105,0,0,3
"3648",105,1,1,4
"3649",105,0,1,4
"3650",105,1,1,4
"3651",105,1,1,3
"3652",105,1,0,4
"3653",105,0,0,3
"3654",105,1,0,4
"3655",105,1,1,4
"3656",105,1,1,4
"3657",105,1,0,4
"3658",105,0,0,4
"3659",105,1,0,4
"3660",105,1,0,3
"3661",105,1,0,4
"3662",105,0,0,2
"3663",105,1,1,2
"3664",105,1,0,4
"3665",105,1,1,4
"3666",105,0,1,3
"3667",105,1,0,4
"3668",105,1,1,3
"3669",105,0,0,2
"3670",105,1,0,4
"3671",105,0,0,2
"3672",105,0,0,2
"3673",105,1,0,4
"3674",106,1,0,4
"3675",106,0,1,3
"3676",106,1,1,4
"3677",106,1,1,2
"3678",106,1,1,3
"3679",106,1,1,1
"3680",106,1,1,3
"3681",106,0,1,2
"3682",106,1,0,4
"3683",106,1,0,4
"3684",106,1,1,4
"3685",106,1,0,2
"3686",106,0,1,2
"3687",106,1,1,2
"3688",106,0,1,2
"3689",106,0,1,3
"3690",106,1,1,3
"3691",106,1,1,2
"3692",106,1,1,2
"3693",106,1,0,3
"3694",106,1,1,3
"3695",106,0,1,2
"3696",106,1,0,1
"3697",106,1,0,2
"3698",106,1,1,2
"3699",106,1,1,3
"3700",106,1,1,3
"3701",106,1,1,2
"3702",106,1,0,3
"3703",106,1,0,3
"3704",106,1,0,3
"3705",106,1,1,3
"3706",106,1,0,4
"3707",106,1,1,4
"3708",106,1,0,3
"3709",107,1,0,3
"3710",107,1,0,4
"3711",107,1,1,3
"3712",107,1,0,2
"3713",107,1,0,2
"3714",107,1,1,3
"3715",107,0,1,2
"3716",107,1,1,4
"3717",107,1,1,3
"3718",107,0,1,4
"3719",107,1,1,3
"3720",107,1,1,3
"3721",107,0,0,2
"3722",107,0,0,1
"3723",107,1,0,2
"3724",107,1,0,3
"3725",107,0,1,2
"3726",107,0,1,3
"3727",107,1,1,3
"3728",107,1,1,4
"3729",107,1,0,2
"3730",107,0,1,2
"3731",107,1,1,3
"3732",107,0,1,2
"3733",107,1,1,3
"3734",107,1,1,2
"3735",107,0,0,3
"3736",107,1,0,2
"3737",107,1,1,4
"3738",107,1,0,4
"3739",107,1,1,2
"3740",107,1,0,2
"3741",107,0,0,4
"3742",107,1,1,3
"3743",143,1,1,1
"3744",143,0,1,2
"3745",143,0,0,3
"3746",143,0,1,2
"3747",143,0,1,4
"3748",143,1,1,4
"3749",143,1,1,4
"3750",143,1,1,4
"3751",143,1,1,4
"3752",143,1,0,1
"3753",143,0,1,3
"3754",143,1,1,4
"3755",143,1,1,4
"3756",143,0,1,2
"3757",143,0,1,2
"3758",143,0,1,2
"3759",143,0,1,2
"3760",143,1,1,4
"3761",143,0,1,2
"3762",143,1,1,2
"3763",143,0,1,2
"3764",143,0,1,2
"3765",143,1,1,2
"3766",143,0,1,2
"3767",143,1,1,1
"3768",143,1,0,2
"3769",143,1,1,4
"3770",143,1,1,2
"3771",143,0,1,2
"3772",143,1,1,2
"3773",143,1,1,4
"3774",143,0,1,4
"3775",143,1,1,3
"3776",143,0,1,2
"3777",108,1,1,1
"3778",108,0,1,2
"3779",108,1,1,2
"3780",108,1,0,2
"3781",108,0,1,2
"3782",108,0,0,2
"3783",108,1,0,4
"3784",108,0,1,2
"3785",108,1,0,2
"3786",108,1,0,3
"3787",108,1,0,4
"3788",108,0,0,1
"3789",108,1,1,4
"3790",108,1,1,2
"3791",108,0,0,2
"3792",108,1,0,1
"3793",108,1,1,2
"3794",108,1,1,2
"3795",108,1,1,1
"3796",108,1,1,2
"3797",108,1,0,2
"3798",108,1,0,2
"3799",108,0,1,2
"3800",108,0,0,2
"3801",108,1,0,2
"3802",108,1,0,3
"3803",108,1,1,4
"3804",108,0,0,3
"3805",108,0,1,2
"3806",108,0,1,4
"3807",108,1,1,2
"3808",108,1,1,2
"3809",108,0,0,2
"3810",108,0,1,2
"3811",108,0,1,2
"3812",108,0,0,3
"3813",108,1,0,4
"3814",108,0,0,2
"3815",108,1,0,1
"3816",109,1,1,3
"3817",109,1,1,2
"3818",109,1,1,4
"3819",109,0,1,4
"3820",109,0,1,3
"3821",109,1,1,3
"3822",109,0,1,3
"3823",109,1,1,3
"3824",109,0,1,3
"3825",109,1,1,4
"3826",109,1,0,4
"3827",109,0,1,1
"3828",109,1,1,4
"3829",109,1,0,4
"3830",109,0,0,1
"3831",109,0,0,4
"3832",109,1,0,3
"3833",109,1,1,4
"3834",109,1,0,3
"3835",109,0,0,2
"3836",109,0,1,1
"3837",109,0,0,4
"3838",109,1,1,3
"3839",109,1,1,2
"3840",109,0,1,3
"3841",109,0,1,3
"3842",109,1,0,3
"3843",109,1,1,3
"3844",109,0,1,4
"3845",109,1,1,4
"3846",109,0,1,2
"3847",109,1,0,3
"3848",109,1,0,2
"3849",109,1,0,3
"3850",109,0,1,2
"3851",110,1,0,2
"3852",110,1,1,4
"3853",110,0,1,3
"3854",110,1,1,4
"3855",110,1,1,3
"3856",110,1,0,2
"3857",110,1,1,4
"3858",110,1,1,4
"3859",110,1,1,4
"3860",110,1,1,3
"3861",110,0,1,3
"3862",110,1,0,3
"3863",110,1,0,4
"3864",110,1,0,4
"3865",110,1,0,4
"3866",110,1,0,4
"3867",110,1,0,4
"3868",110,1,0,4
"3869",110,1,0,4
"3870",110,1,0,4
"3871",110,0,0,4
"3872",110,1,1,3
"3873",110,0,0,3
"3874",110,1,1,3
"3875",110,1,1,3
"3876",110,1,0,4
"3877",110,1,0,4
"3878",110,1,0,4
"3879",110,1,0,3
"3880",110,1,1,3
"3881",110,1,0,4
"3882",110,1,1,4
"3883",110,1,1,4
"3884",110,1,1,3
"3885",110,1,0,4
"3886",110,1,1,3
"3887",110,1,1,3
"3888",110,1,0,4
"3889",110,1,1,3
"3890",111,1,1,3
"3891",111,1,0,3
"3892",111,1,1,2
"3893",111,0,1,3
"3894",111,1,1,2
"3895",111,1,0,3
"3896",111,1,0,4
"3897",111,0,0,3
"3898",111,1,0,3
"3899",111,1,1,4
"3900",111,1,1,4
"3901",111,1,1,2
"3902",111,1,1,1
"3903",111,1,0,4
"3904",111,1,1,3
"3905",111,1,0,3
"3906",111,1,0,2
"3907",111,1,1,3
"3908",111,1,1,3
"3909",111,1,0,4
"3910",111,1,0,4
"3911",111,1,1,4
"3912",111,1,1,4
"3913",111,1,0,4
"3914",111,0,0,4
"3915",111,1,1,2
"3916",111,1,0,4
"3917",111,1,0,3
"3918",111,1,0,4
"3919",111,1,0,4
"3920",111,1,0,2
"3921",111,1,0,4
"3922",111,1,0,4
"3923",111,1,1,4
"3924",111,1,1,4
"3925",111,1,1,4
"3926",111,0,0,2
"3927",111,1,1,2
"3928",111,1,0,2
"3929",112,1,1,4
"3930",112,0,1,4
"3931",112,1,1,4
"3932",112,1,0,4
"3933",112,0,1,3
"3934",112,0,1,3
"3935",112,1,1,3
"3936",112,1,1,4
"3937",112,0,0,2
"3938",112,0,1,4
"3939",112,0,1,4
"3940",112,1,1,4
"3941",112,0,1,3
"3942",112,1,1,3
"3943",112,1,1,3
"3944",112,1,1,3
"3945",112,1,0,4
"3946",112,0,1,4
"3947",112,1,1,4
"3948",112,0,1,3
"3949",112,1,1,3
"3950",112,0,1,4
"3951",112,1,1,2
"3952",112,0,1,2
"3953",112,0,0,2
"3954",112,0,1,3
"3955",112,1,1,4
"3956",112,0,1,2
"3957",112,1,1,2
"3958",112,0,1,3
"3959",112,0,1,3
"3960",112,1,1,3
"3961",112,1,1,4
"3962",112,1,1,2
"3963",112,0,1,4
"3964",112,0,0,1
"3965",112,0,1,2
"3966",112,1,0,4
"3967",113,0,1,3
"3968",113,1,1,2
"3969",113,1,1,3
"3970",113,1,0,2
"3971",113,1,0,3
"3972",113,0,1,3
"3973",113,0,1,2
"3974",113,1,1,4
"3975",113,0,1,3
"3976",113,1,0,1
"3977",113,1,0,4
"3978",113,1,1,4
"3979",113,1,1,3
"3980",113,1,1,3
"3981",113,1,0,4
"3982",113,0,1,3
"3983",113,1,1,4
"3984",113,1,1,3
"3985",113,1,1,3
"3986",113,1,1,3
"3987",113,0,0,1
"3988",113,1,1,3
"3989",113,1,0,2
"3990",113,1,1,3
"3991",113,1,0,3
"3992",113,1,1,3
"3993",113,0,0,2
"3994",113,1,1,3
"3995",113,0,1,4
"3996",113,1,0,4
"3997",114,1,1,2
"3998",114,0,0,2
"3999",114,1,0,2
"4000",114,0,1,2
"4001",114,1,0,4
"4002",114,1,0,2
"4003",114,0,0,2
"4004",114,1,1,3
"4005",114,1,0,4
"4006",114,1,1,4
"4007",114,0,0,3
"4008",114,1,1,4
"4009",114,1,1,2
"4010",114,0,1,2
"4011",114,0,0,2
"4012",114,1,1,2
"4013",114,1,0,4
"4014",114,0,0,3
"4015",114,1,1,2
"4016",114,1,1,2
"4017",114,1,1,2
"4018",114,1,1,2
"4019",114,1,1,2
"4020",114,1,0,2
"4021",114,1,1,2
"4022",114,1,1,2
"4023",114,1,0,2
"4024",114,1,0,3
"4025",114,0,1,2
"4026",114,1,0,2
"4027",114,1,1,3
"4028",114,1,1,2
"4029",114,1,0,4
"4030",114,1,0,4
"4031",114,1,0,4
"4032",114,1,1,3
"4033",114,1,0,4
"4034",114,1,0,3
"4035",114,1,1,3
"4036",115,1,1,4
"4037",115,1,0,2
"4038",115,1,0,4
"4039",115,1,0,4
"4040",115,1,0,4
"4041",115,1,1,3
"4042",115,1,0,4
"4043",115,0,1,3
"4044",115,1,0,4
"4045",115,1,1,2
"4046",115,1,1,4
"4047",115,1,1,3
"4048",115,1,1,3
"4049",115,0,0,4
"4050",115,0,0,2
"4051",115,0,0,4
"4052",115,1,0,4
"4053",115,1,1,4
"4054",115,1,0,4
"4055",115,1,1,4
"4056",115,0,0,3
"4057",115,1,0,3
"4058",115,1,1,4
"4059",115,1,0,4
"4060",115,1,1,2
"4061",115,1,0,4
"4062",115,0,0,3
"4063",115,1,1,4
"4064",115,1,0,4
"4065",115,1,1,4
"4066",115,0,0,4
"4067",115,1,0,4
"4068",115,1,0,4
"4069",115,1,0,4
"4070",115,1,0,4
"4071",115,1,0,4
"4072",115,1,1,4
"4073",115,0,0,1
"4074",116,0,1,3
"4075",116,1,1,4
"4076",116,0,1,4
"4077",116,0,1,2
"4078",116,1,0,4
"4079",116,0,1,2
"4080",116,1,1,2
"4081",116,0,0,4
"4082",116,1,1,4
"4083",116,1,0,2
"4084",116,0,0,1
"4085",116,1,1,2
"4086",116,1,1,2
"4087",116,1,0,3
"4088",116,0,0,1
"4089",116,1,0,4
"4090",116,0,0,3
"4091",116,0,1,1
"4092",116,0,1,1
"4093",116,1,1,2
"4094",116,1,1,2
"4095",116,0,1,2
"4096",116,0,1,3
"4097",116,1,1,3
"4098",116,1,1,3
"4099",116,1,0,4
"4100",116,0,1,3
"4101",116,1,1,2
"4102",116,0,1,2
"4103",116,0,0,2
"4104",116,0,1,2
"4105",116,0,1,3
"4106",116,1,1,4
"4107",116,1,0,3
"4108",116,0,0,3
"4109",116,1,1,3
"4110",116,1,1,3
"4111",116,1,1,3
"4112",116,0,0,2
"4113",117,1,1,4
"4114",117,0,1,3
"4115",117,1,1,3
"4116",117,0,1,3
"4117",117,1,0,3
"4118",117,1,0,3
"4119",117,1,0,2
"4120",117,1,0,3
"4121",117,0,1,3
"4122",117,1,1,2
"4123",117,1,1,3
"4124",117,1,1,3
"4125",117,1,0,3
"4126",117,1,1,3
"4127",117,1,1,4
"4128",117,1,1,3
"4129",117,1,0,4
"4130",117,1,1,3
"4131",117,1,1,3
"4132",117,1,0,3
"4133",117,1,0,4
"4134",117,1,0,4
"4135",117,0,0,3
"4136",117,1,0,4
"4137",117,1,1,2
"4138",117,1,1,4
"4139",117,1,0,3
"4140",117,1,1,4
"4141",117,1,0,3
"4142",117,1,0,4
"4143",117,1,1,4
"4144",117,1,1,4
"4145",117,1,0,4
"4146",117,1,0,4
"4147",117,0,1,3
"4148",117,1,0,4
"4149",117,0,0,3
"4150",117,1,1,4
"4151",118,1,0,4
"4152",118,1,1,1
"4153",118,1,0,1
"4154",118,0,0,1
"4155",118,1,1,4
"4156",118,0,0,2
"4157",118,1,1,1
"4158",118,1,0,4
"4159",118,0,0,1
"4160",118,0,1,2
"4161",118,0,0,1
"4162",118,0,0,1
"4163",118,1,0,3
"4164",118,0,1,1
"4165",118,1,0,3
"4166",118,1,1,2
"4167",118,1,0,1
"4168",118,1,1,4
"4169",118,1,1,1
"4170",118,0,0,2
"4171",118,1,0,1
"4172",118,1,1,1
"4173",118,0,1,1
"4174",118,1,0,1
"4175",118,1,1,4
"4176",118,1,0,4
"4177",118,1,0,3
"4178",118,1,1,1
"4179",118,1,1,4
"4180",118,1,0,4
"4181",118,1,0,4
"4182",118,0,0,1
"4183",118,0,1,1
"4184",118,1,0,3
"4185",118,1,0,4
"4186",118,1,0,3
"4187",118,1,0,2
"4188",118,1,1,4
"4189",118,1,1,4
"4190",119,0,1,2
"4191",119,0,1,2
"4192",119,1,1,2
"4193",119,1,1,2
"4194",119,1,0,3
"4195",119,1,0,3
"4196",119,0,1,2
"4197",119,1,0,4
"4198",119,0,0,4
"4199",119,1,0,3
"4200",119,1,1,1
"4201",119,0,1,2
"4202",119,1,0,4
"4203",119,1,0,3
"4204",119,1,1,2
"4205",119,1,0,4
"4206",119,0,0,4
"4207",119,0,1,3
"4208",119,0,0,2
"4209",119,0,1,1
"4210",119,1,1,4
"4211",119,0,1,3
"4212",119,1,1,2
"4213",119,1,1,3
"4214",119,1,1,2
"4215",119,1,1,2
"4216",119,1,0,4
"4217",119,1,0,4
"4218",119,1,1,4
"4219",119,1,1,2
"4220",119,1,1,3
"4221",119,0,0,2
"4222",119,1,1,3
"4223",119,1,1,2
"4224",119,1,1,1
"4225",119,1,0,4
"4226",119,1,0,4
"4227",120,0,1,4
"4228",120,1,1,4
"4229",120,0,1,3
"4230",120,1,0,2
"4231",120,0,0,2
"4232",120,0,1,4
"4233",120,1,1,3
"4234",120,1,1,4
"4235",120,0,0,3
"4236",120,0,1,4
"4237",120,1,1,3
"4238",120,1,1,4
"4239",120,1,0,1
"4240",120,0,1,3
"4241",120,1,0,2
"4242",120,0,0,2
"4243",120,1,0,1
"4244",120,0,0,2
"4245",120,0,0,1
"4246",120,1,0,1
"4247",120,0,0,3
"4248",120,1,0,2
"4249",120,0,0,3
"4250",120,1,0,2
"4251",120,0,0,3
"4252",120,1,0,1
"4253",120,1,0,2
"4254",120,1,0,2
"4255",120,0,0,1
"4256",121,1,1,4
"4257",121,1,1,4
"4258",121,1,0,4
"4259",121,1,1,2
"4260",121,1,1,1
"4261",121,1,0,2
"4262",121,0,1,1
"4263",121,1,0,4
"4264",121,1,1,4
"4265",121,1,0,4
"4266",121,1,0,4
"4267",121,1,1,4
"4268",121,1,1,3
"4269",121,0,1,2
"4270",121,1,0,2
"4271",121,1,0,4
"4272",121,1,0,3
"4273",121,1,0,4
"4274",121,1,0,4
"4275",121,1,1,4
"4276",121,1,1,3
"4277",121,1,0,4
"4278",121,1,0,4
"4279",121,1,0,4
"4280",121,1,0,4
"4281",121,1,1,2
"4282",121,0,0,2
"4283",121,0,0,4
"4284",121,0,0,2
"4285",121,1,1,2
"4286",121,1,1,4
"4287",121,1,1,2
"4288",121,1,0,2
"4289",121,1,0,4
"4290",121,1,1,3
"4291",121,0,0,2
"4292",122,1,1,3
"4293",122,1,1,2
"4294",122,1,1,3
"4295",122,1,0,4
"4296",122,0,1,2
"4297",122,0,1,1
"4298",122,1,0,4
"4299",122,1,1,1
"4300",122,1,0,3
"4301",122,0,0,1
"4302",122,1,0,2
"4303",122,1,0,2
"4304",122,1,0,3
"4305",122,1,0,2
"4306",122,1,0,3
"4307",122,1,0,1
"4308",122,1,1,4
"4309",122,1,1,3
"4310",122,0,1,1
"4311",122,1,0,2
"4312",122,1,0,2
"4313",122,0,0,2
"4314",122,1,0,4
"4315",122,1,1,1
"4316",122,1,1,1
"4317",122,0,0,2
"4318",122,1,1,1
"4319",122,0,1,2
"4320",122,1,1,3
"4321",122,0,0,2
"4322",122,0,0,2
"4323",122,1,1,2
"4324",122,1,1,4
"4325",122,1,1,4
"4326",122,1,0,2
"4327",122,1,0,2
"4328",122,1,0,1
"4329",122,1,1,3
"4330",122,1,1,3
"4331",123,1,1,4
"4332",123,1,0,3
"4333",123,1,1,2
"4334",123,1,1,4
"4335",123,0,1,2
"4336",123,1,0,3
"4337",123,0,1,2
"4338",123,1,1,4
"4339",123,1,1,2
"4340",123,0,1,1
"4341",123,0,1,4
"4342",123,1,1,3
"4343",123,1,1,4
"4344",123,1,1,4
"4345",123,1,1,4
"4346",123,0,0,1
"4347",123,1,1,4
"4348",123,1,1,4
"4349",123,1,1,3
"4350",123,0,0,3
"4351",123,1,1,4
"4352",123,0,1,2
"4353",123,1,0,4
"4354",123,1,0,2
"4355",123,1,1,3
"4356",123,1,0,4
"4357",123,1,0,4
"4358",123,1,0,4
"4359",123,1,1,3
"4360",123,0,0,2
"4361",123,1,0,4
"4362",123,1,0,4
"4363",123,1,0,4
"4364",123,0,1,3
"4365",123,0,1,3
"4366",123,1,1,3
"4367",123,1,0,4
"4368",123,0,0,2
"4369",123,1,0,4
"4370",124,1,0,4
"4371",124,1,1,3
"4372",124,1,0,2
"4373",124,0,1,3
"4374",124,1,1,3
"4375",124,1,0,4
"4376",124,1,0,4
"4377",124,0,1,2
"4378",124,1,1,2
"4379",124,0,0,3
"4380",124,0,0,3
"4381",124,0,0,3
"4382",124,1,1,2
"4383",124,1,0,4
"4384",124,1,0,4
"4385",124,1,0,4
"4386",124,1,0,4
"4387",124,1,1,4
"4388",124,0,0,2
"4389",124,0,1,3
"4390",124,0,1,1
"4391",124,0,1,1
"4392",124,1,1,3
"4393",124,0,0,3
"4394",124,1,0,4
"4395",124,1,0,3
"4396",124,1,1,2
"4397",124,1,1,4
"4398",124,1,1,3
"4399",124,0,0,1
"4400",124,1,0,3
"4401",124,1,0,4
"4402",124,1,0,4
"4403",124,1,1,3
"4404",124,1,0,3
"4405",124,1,1,2
"4406",125,1,1,3
"4407",125,1,1,4
"4408",125,1,1,4
"4409",125,1,0,3
"4410",125,1,0,3
"4411",125,1,0,4
"4412",125,1,0,4
"4413",125,1,0,4
"4414",125,1,0,4
"4415",125,1,1,4
"4416",125,0,0,2
"4417",125,0,1,3
"4418",125,1,0,4
"4419",125,1,1,4
"4420",125,1,0,4
"4421",125,1,1,4
"4422",125,1,1,3
"4423",125,1,0,4
"4424",125,1,1,2
"4425",125,1,1,4
"4426",125,1,1,4
"4427",125,1,1,4
"4428",125,1,1,4
"4429",125,1,1,4
"4430",125,1,0,4
"4431",125,1,0,4
"4432",125,1,0,4
"4433",125,1,1,4
"4434",125,0,0,4
"4435",125,0,1,2
"4436",125,1,0,2
"4437",125,1,0,4
"4438",125,1,1,3
"4439",125,1,1,4
"4440",125,1,1,4
"4441",125,1,1,4
"4442",125,1,0,4
"4443",125,1,0,4
"4444",125,1,0,4
"4445",126,1,1,2
"4446",126,0,1,3
"4447",126,0,0,2
"4448",126,0,1,3
"4449",126,1,0,2
"4450",126,0,0,4
"4451",126,1,1,3
"4452",126,0,1,3
"4453",126,0,0,4
"4454",126,0,1,3
"4455",126,1,0,3
"4456",126,0,0,2
"4457",126,1,0,4
"4458",126,0,0,4
"4459",126,1,1,4
"4460",126,1,0,4
"4461",126,1,0,4
"4462",126,1,0,3
"4463",126,0,0,2
"4464",126,1,0,4
"4465",126,1,1,2
"4466",126,0,1,3
"4467",126,0,1,2
"4468",126,1,1,2
"4469",126,1,1,2
"4470",126,0,0,2
"4471",126,1,1,2
"4472",126,1,1,2
"4473",126,1,0,4
"4474",126,1,0,4
"4475",126,1,0,2
"4476",126,0,0,2
"4477",126,1,1,2
"4478",127,1,0,2
"4479",127,1,1,3
"4480",127,0,0,1
"4481",127,1,0,2
"4482",127,1,1,4
"4483",127,1,1,1
"4484",127,0,0,3
"4485",127,1,0,4
"4486",127,1,0,2
"4487",127,1,0,4
"4488",127,1,1,4
"4489",127,0,0,2
"4490",127,0,0,2
"4491",127,1,0,4
"4492",127,1,0,4
"4493",127,0,0,2
"4494",127,1,0,3
"4495",127,1,1,2
"4496",127,1,1,4
"4497",127,1,0,3
"4498",127,1,0,2
"4499",127,1,0,4
"4500",127,0,0,3
"4501",127,0,0,3
"4502",127,1,0,3
"4503",127,1,0,2
"4504",127,1,1,2
"4505",127,1,0,1
"4506",127,1,1,1
"4507",127,1,0,4
"4508",127,1,1,1
"4509",127,1,1,4
"4510",127,0,0,2
"4511",127,1,1,3
"4512",127,1,1,2
"4513",127,0,1,1
"4514",128,1,0,3
"4515",128,1,0,3
"4516",128,1,1,3
"4517",128,0,1,4
"4518",128,0,1,3
"4519",128,1,1,4
"4520",128,1,1,3
"4521",128,0,0,3
"4522",128,1,1,3
"4523",128,1,0,4
"4524",128,1,0,3
"4525",128,0,1,3
"4526",128,1,1,4
"4527",128,1,0,4
"4528",128,0,1,3
"4529",128,1,1,4
"4530",128,1,1,3
"4531",128,1,0,2
"4532",128,1,0,4
"4533",128,1,0,4
"4534",128,1,0,4
"4535",128,1,0,4
"4536",128,0,1,3
"4537",128,1,1,4
"4538",128,1,1,4
"4539",128,1,1,3
"4540",128,1,0,3
"4541",128,1,1,4
"4542",128,1,1,4
"4543",128,1,1,4
"4544",128,1,1,4
"4545",128,1,1,3
"4546",128,0,1,2
"4547",128,1,0,2
"4548",128,0,1,3
"4549",128,1,1,4
"4550",128,1,0,4
"4551",129,1,1,4
"4552",129,1,0,4
"4553",129,0,1,4
"4554",129,1,0,4
"4555",129,1,0,4
"4556",129,1,0,4
"4557",129,1,1,2
"4558",129,1,1,3
"4559",129,1,1,2
"4560",129,1,1,3
"4561",129,1,0,4
"4562",129,0,0,4
"4563",129,1,1,2
"4564",129,1,0,4
"4565",129,1,0,4
"4566",129,1,0,3
"4567",129,1,1,3
"4568",129,1,0,4
"4569",129,1,0,4
"4570",129,1,0,4
"4571",129,1,1,4
"4572",129,1,1,2
"4573",129,1,0,4
"4574",129,1,0,3
"4575",129,1,1,4
"4576",129,1,1,2
"4577",129,1,1,2
"4578",129,1,1,4
"4579",129,1,0,4
"4580",129,1,0,4
"4581",129,1,0,3
"4582",129,1,1,4
"4583",129,1,1,3
"4584",129,1,0,2
"4585",129,1,1,3
"4586",129,1,1,2
"4587",129,1,1,3
"4588",129,1,0,4
"4589",129,1,0,4
"4590",130,0,1,3
"4591",130,1,0,2
"4592",130,1,0,2
"4593",130,1,1,3
"4594",130,1,0,3
"4595",130,1,1,3
"4596",130,0,1,3
"4597",130,1,0,4
"4598",130,1,0,2
"4599",130,0,0,2
"4600",130,1,1,4
"4601",130,0,1,2
"4602",130,0,0,2
"4603",130,1,1,4
"4604",130,0,0,2
"4605",130,1,1,2
"4606",130,1,1,4
"4607",130,1,0,1
"4608",130,1,0,2
"4609",130,1,0,2
"4610",130,1,1,4
"4611",130,1,1,4
"4612",130,1,1,2
"4613",130,1,0,2
"4614",130,1,0,1
"4615",130,0,0,2
"4616",130,1,0,2
"4617",130,1,0,2
"4618",130,1,0,2
"4619",130,1,0,2
"4620",130,1,1,4
"4621",130,1,0,2
"4622",130,0,0,2
"4623",130,1,1,4
"4624",130,0,0,1
"4625",130,1,1,2
"4626",131,1,0,4
"4627",131,1,1,4
"4628",131,1,1,4
"4629",131,1,0,2
"4630",131,1,0,4
"4631",131,1,1,2
"4632",131,1,0,2
"4633",131,0,0,2
"4634",131,1,1,3
"4635",131,1,1,3
"4636",131,1,1,4
"4637",131,1,0,4
"4638",131,0,0,2
"4639",131,1,0,4
"4640",131,1,1,4
"4641",131,1,0,4
"4642",131,0,0,2
"4643",131,1,0,3
"4644",131,0,1,3
"4645",131,1,0,4
"4646",131,1,1,4
"4647",131,1,1,3
"4648",131,1,0,4
"4649",131,1,1,4
"4650",131,1,0,4
"4651",131,1,0,4
"4652",131,1,1,3
"4653",131,1,0,4
"4654",131,0,0,4
"4655",131,1,0,4
"4656",131,1,1,3
"4657",131,1,0,4
"4658",131,1,1,2
"4659",131,1,1,2
"4660",131,1,1,3
"4661",131,1,0,4
"4662",131,0,0,2
"4663",131,1,0,2
"4664",132,0,0,4
"4665",132,1,1,2
"4666",132,1,1,4
"4667",132,0,1,1
"4668",132,1,0,4
"4669",132,1,0,4
"4670",132,1,1,4
"4671",132,1,1,1
"4672",132,1,0,1
"4673",132,1,1,3
"4674",132,0,1,2
"4675",132,1,0,4
"4676",132,1,0,4
"4677",132,1,1,4
"4678",132,1,1,4
"4679",132,1,0,4
"4680",132,1,0,4
"4681",132,1,0,4
"4682",132,1,1,4
"4683",132,1,1,4
"4684",132,0,0,4
"4685",132,1,1,1
"4686",132,1,1,4
"4687",132,1,1,4
"4688",132,1,0,4
"4689",132,1,1,4
"4690",132,1,0,4
"4691",132,1,1,4
"4692",132,1,0,4
"4693",132,1,0,4
"4694",132,1,0,4
"4695",132,1,1,1
"4696",132,1,0,4
"4697",132,0,0,1
"4698",132,1,1,1
"4699",132,1,0,4
"4700",132,1,0,4
"4701",132,1,0,4
"4702",132,1,1,1
"4703",133,0,1,3
"4704",133,1,0,4
"4705",133,1,0,3
"4706",133,1,0,4
"4707",133,0,0,3
"4708",133,1,1,2
"4709",133,1,1,3
"4710",133,1,1,4
"4711",133,1,1,4
"4712",133,1,0,4
"4713",133,1,0,4
"4714",133,1,1,3
"4715",133,1,0,4
"4716",133,1,1,4
"4717",133,1,1,2
"4718",133,1,1,4
"4719",133,1,0,4
"4720",133,1,0,4
"4721",133,1,0,4
"4722",133,1,0,4
"4723",133,1,0,4
"4724",133,1,1,4
"4725",133,1,1,4
"4726",133,1,0,4
"4727",133,1,0,4
"4728",133,1,0,4
"4729",133,1,0,2
"4730",133,0,0,2
"4731",133,0,1,3
"4732",133,1,1,3
"4733",133,1,0,4
"4734",133,1,1,4
"4735",133,1,1,2
"4736",133,1,1,4
"4737",133,1,0,4
"4738",134,0,1,3
"4739",134,1,0,4
"4740",134,1,0,3
"4741",134,1,0,4
"4742",134,0,0,3
"4743",134,1,1,2
"4744",134,1,1,3
"4745",134,1,1,4
"4746",134,1,1,4
"4747",134,1,0,4
"4748",134,1,0,4
"4749",134,1,1,3
"4750",134,1,0,4
"4751",134,1,1,4
"4752",134,1,1,2
"4753",134,1,1,4
"4754",134,1,0,4
"4755",134,1,0,4
"4756",134,1,0,4
"4757",134,1,0,4
"4758",134,1,0,4
"4759",134,1,1,4
"4760",134,1,1,4
"4761",134,1,0,4
"4762",134,1,0,4
"4763",134,1,0,4
"4764",134,1,0,2
"4765",134,0,0,2
"4766",134,0,1,3
"4767",134,1,1,3
"4768",134,1,0,4
"4769",134,1,1,4
"4770",134,1,1,2
"4771",134,1,1,4
"4772",134,1,0,4
"4773",135,1,1,4
"4774",135,1,1,4
"4775",135,0,1,3
"4776",135,1,1,3
"4777",135,1,1,2
"4778",135,1,1,4
"4779",135,0,1,3
"4780",135,1,1,2
"4781",135,0,1,4
"4782",135,0,0,1
"4783",135,1,0,3
"4784",135,1,1,4
"4785",135,0,0,1
"4786",135,1,1,4
"4787",135,1,1,2
"4788",135,1,1,4
"4789",135,1,0,1
"4790",135,1,1,4
"4791",135,1,1,4
"4792",135,0,1,2
"4793",135,1,0,2
"4794",135,1,1,3
"4795",135,1,1,4
"4796",135,1,1,3
"4797",135,0,1,2
"4798",135,1,1,4
"4799",135,1,0,2
"4800",135,0,1,3
"4801",135,1,0,4
"4802",135,0,1,3
"4803",135,1,0,4
"4804",135,1,0,2
"4805",135,1,1,3
"4806",135,1,1,4
"4807",136,1,1,3
"4808",136,0,1,3
"4809",136,0,0,2
"4810",136,1,1,3
"4811",136,1,1,3
"4812",136,0,0,2
"4813",136,1,0,3
"4814",136,1,0,4
"4815",136,1,0,3
"4816",136,1,0,2
"4817",136,1,0,3
"4818",136,0,0,3
"4819",136,1,1,3
"4820",136,1,1,4
"4821",136,1,1,4
"4822",136,0,0,2
"4823",136,1,0,4
"4824",136,1,0,4
"4825",136,0,1,3
"4826",136,1,1,4
"4827",136,1,1,3
"4828",136,1,1,2
"4829",136,1,0,4
"4830",136,0,1,3
"4831",136,1,0,4
"4832",136,0,1,3
"4833",136,1,0,4
"4834",136,1,1,3
"4835",136,1,1,2
"4836",136,1,0,3
"4837",136,1,0,4
"4838",136,0,1,2
"4839",136,1,1,3
"4840",136,1,0,2
"4841",137,0,1,2
"4842",137,0,1,4
"4843",137,1,1,3
"4844",137,1,1,2
"4845",137,0,1,3
"4846",137,1,0,4
"4847",137,0,1,4
"4848",137,1,0,4
"4849",137,1,0,3
"4850",137,0,0,2
"4851",137,0,1,3
"4852",137,1,0,4
"4853",137,1,0,2
"4854",137,1,0,3
"4855",137,1,1,1
"4856",137,1,1,2
"4857",137,1,0,2
"4858",137,1,0,2
"4859",137,0,1,3
"4860",137,0,0,3
"4861",137,1,1,3
"4862",137,1,1,3
"4863",137,1,1,3
"4864",137,1,1,3
"4865",137,1,1,3
"4866",137,0,0,2
"4867",137,1,0,2
"4868",137,1,0,4
"4869",137,1,1,3
"4870",137,1,1,4
"4871",137,0,0,2
"4872",137,0,1,2
"4873",137,1,1,4
"4874",137,1,1,4
"4875",137,1,0,4
"4876",137,1,1,2
"4877",138,1,0,3
"4878",138,1,1,3
"4879",138,1,0,4
"4880",138,0,1,2
"4881",138,1,1,3
"4882",138,1,0,3
"4883",138,1,1,4
"4884",138,1,0,3
"4885",138,1,1,3
"4886",138,1,1,2
"4887",138,1,1,3
"4888",138,1,0,4
"4889",138,1,0,3
"4890",138,1,0,3
"4891",138,1,0,4
"4892",138,1,1,4
"4893",138,1,0,2
"4894",138,1,1,4
"4895",138,1,0,3
"4896",138,1,1,4
"4897",138,1,1,2
"4898",138,1,0,4
"4899",138,1,1,4
"4900",138,1,1,2
"4901",138,1,0,4
"4902",138,0,1,2
"4903",138,1,0,4
"4904",138,1,0,2
"4905",138,1,0,4
"4906",138,1,1,2
"4907",138,0,0,2
"4908",138,1,1,4
"4909",138,1,0,3
"4910",138,0,0,1
"4911",138,1,1,3
"4912",138,1,0,4
"4913",138,1,1,2
"4914",138,1,1,1
"4915",139,0,1,2
"4916",139,1,0,1
"4917",139,0,1,3
"4918",139,0,0,3
"4919",139,1,1,4
"4920",139,0,1,2
"4921",139,0,0,3
"4922",139,0,1,4
"4923",139,1,1,4
"4924",139,1,0,2
"4925",139,0,0,3
"4926",139,1,1,3
"4927",139,0,1,2
"4928",139,1,1,3
"4929",139,0,1,4
"4930",139,1,1,3
"4931",139,0,0,2
"4932",139,1,1,3
"4933",139,1,1,3
"4934",139,1,0,1
"4935",139,1,0,1
"4936",139,1,0,2
"4937",139,0,1,4
"4938",139,1,1,4
"4939",139,1,1,4
"4940",139,1,0,1
"4941",139,1,1,2
"4942",139,1,1,4
"4943",139,1,0,1
"4944",139,0,1,2
"4945",139,1,0,2
"4946",139,0,1,4
"4947",139,1,1,1
"4948",139,0,0,2
"4949",139,1,1,4
"4950",139,1,0,4
"4951",139,1,1,1
"4952",139,1,0,1
"4953",140,1,1,2
"4954",140,1,0,3
"4955",140,1,0,3
"4956",140,0,0,2
"4957",140,1,1,2
"4958",140,1,0,4
"4959",140,0,0,3
"4960",140,1,0,3
"4961",140,1,0,3
"4962",140,1,1,2
"4963",140,1,1,2
"4964",140,1,1,2
"4965",140,0,0,2
"4966",140,1,0,4
"4967",140,1,1,2
"4968",140,1,1,4
"4969",140,1,0,3
"4970",140,1,0,4
"4971",140,1,0,2
"4972",140,0,0,4
"4973",140,1,0,3
"4974",140,1,0,4
"4975",140,0,0,4
"4976",140,0,0,2
"4977",140,1,0,3
"4978",140,1,1,2
"4979",140,1,0,4
"4980",140,0,1,2
"4981",140,1,0,3
"4982",140,1,1,2
"4983",140,0,0,3
"4984",140,1,1,2
"4985",140,1,0,4
"4986",140,1,0,2
"4987",140,1,0,3
"4988",141,0,1,2
"4989",141,1,1,3
"4990",141,0,0,1
"4991",141,1,1,4
"4992",141,0,1,2
"4993",141,1,1,2
"4994",141,0,1,4
"4995",141,1,1,1
"4996",141,1,0,3
"4997",141,1,0,3
"4998",141,1,1,3
"4999",141,1,0,3
"5000",141,1,1,3
"5001",141,1,0,3
"5002",141,1,0,3
"5003",141,1,1,3
"5004",141,1,1,4
"5005",141,1,1,3
"5006",141,1,1,2
"5007",141,1,1,4
"5008",141,0,1,2
"5009",141,1,0,3
"5010",141,1,0,4
"5011",141,0,0,2
"5012",141,0,1,2
"5013",141,1,1,3
"5014",141,1,0,4
"5015",141,1,0,4
"5016",141,1,0,4
"5017",141,1,1,2
"5018",141,0,0,1
"5019",141,1,1,4
"5020",142,0,0,1
"5021",142,0,1,2
"5022",142,1,1,3
"5023",142,0,1,2
"5024",142,0,1,1
"5025",142,1,0,1
"5026",142,1,0,3
"5027",142,1,1,2
"5028",142,1,1,3
"5029",142,1,0,4
"5030",142,1,1,3
"5031",142,1,0,4
"5032",142,0,0,3
"5033",142,0,0,2
"5034",142,1,0,3
"5035",142,1,0,4
"5036",142,1,1,4
"5037",142,1,1,2
"5038",142,1,1,2
"5039",142,1,1,4
"5040",142,0,1,2
"5041",142,1,0,4
"5042",142,1,1,2
"5043",142,1,0,4
"5044",142,1,1,4
"5045",142,1,1,4
"5046",142,1,1,4
"5047",142,0,1,4
"5048",142,1,0,4
"5049",142,1,0,4
"5050",142,1,0,4
"5051",142,1,0,4
"5052",142,1,1,4
"5053",142,1,0,4
"5054",142,1,1,2
